image_name,prob_malignant
ISIC_0052212,0.0014150687493383884
ISIC_0075663,0.42679527401924133
ISIC_0087290,0.0006261150119826198
ISIC_0106091,0.004178464412689209
ISIC_0109415,0.004113629460334778
ISIC_0154870,0.0005768953706137836
ISIC_0159568,0.000256059633102268
ISIC_0163767,0.0010556248016655445
ISIC_0164603,0.583490252494812
ISIC_0170583,0.3448619842529297
ISIC_0170636,0.0007054607267491519
ISIC_0172020,0.007009152788668871
ISIC_0177304,0.00443916954100132
ISIC_0179056,0.016808325424790382
ISIC_0193456,0.21631434559822083
ISIC_0199261,3.045151606784202e-05
ISIC_0209871,0.0028477164451032877
ISIC_0216296,0.00035309288068674505
ISIC_0224681,0.019412359222769737
ISIC_0224921,0.00025841803289949894
ISIC_0228497,0.0027105475310236216
ISIC_0228718,0.00010241367272101343
ISIC_0230332,0.2196241021156311
ISIC_0230516,3.0034963856451213e-05
ISIC_0232274,0.02124951407313347
ISIC_0243683,0.6006741523742676
ISIC_0246184,0.447907418012619
ISIC_0247964,0.0002776333421934396
ISIC_0249269,0.004433396738022566
ISIC_0252649,0.2636660039424896
ISIC_0254158,0.05626528337597847
ISIC_0255205,0.008173416368663311
ISIC_0255914,0.45991072058677673
ISIC_0259179,0.0007914003217592835
ISIC_0260290,0.35400182008743286
ISIC_0261693,0.00010514003224670887
ISIC_0261781,0.010581046342849731
ISIC_0267586,0.21196790039539337
ISIC_0268371,0.24918855726718903
ISIC_0280404,0.004739334806799889
ISIC_0282166,0.2828563153743744
ISIC_0292349,0.0021732840687036514
ISIC_0292775,0.0027324582915753126
ISIC_0295178,0.46388301253318787
ISIC_0307958,0.6183511018753052
ISIC_0311412,0.1455216258764267
ISIC_0312662,0.009442735463380814
ISIC_0331947,0.0015429506311193109
ISIC_0338712,0.39358800649642944
ISIC_0339922,0.008298603817820549
ISIC_0358071,0.4297183156013489
ISIC_0358326,0.06546355783939362
ISIC_0374954,0.03627009317278862
ISIC_0379624,4.3261574319330975e-05
ISIC_0401401,0.003100246423855424
ISIC_0405652,0.00011827257549157366
ISIC_0413247,0.001260214950889349
ISIC_0413901,0.009089207276701927
ISIC_0416856,0.0019708063919097185
ISIC_0433142,0.549872636795044
ISIC_0437567,0.36574602127075195
ISIC_0440582,0.00307674752548337
ISIC_0442749,0.43290579319000244
ISIC_0448050,0.3793608546257019
ISIC_0452656,0.3610592186450958
ISIC_0456905,0.3643539547920227
ISIC_0465938,0.7213086485862732
ISIC_0471681,0.0011735153384506702
ISIC_0476011,0.49859899282455444
ISIC_0478571,0.32068222761154175
ISIC_0483469,0.0003821772988885641
ISIC_0485914,0.0004827427619602531
ISIC_0486478,0.06533779203891754
ISIC_0488413,0.2322985678911209
ISIC_0510145,0.008963028900325298
ISIC_0510617,0.00496598519384861
ISIC_0526705,0.0015029371716082096
ISIC_0533986,0.46400517225265503
ISIC_0534191,0.5985314846038818
ISIC_0536454,0.8190017342567444
ISIC_0542222,0.0026681646704673767
ISIC_0545237,3.7199297366896644e-05
ISIC_0547893,0.4727103114128113
ISIC_0552953,9.371238411404192e-05
ISIC_0552960,0.20891132950782776
ISIC_0559481,0.01633625105023384
ISIC_0561944,0.001719516352750361
ISIC_0565905,0.0015394937945529819
ISIC_0580222,0.006556530017405748
ISIC_0583827,0.007067504804581404
ISIC_0584566,0.042050641030073166
ISIC_0605180,0.11745145916938782
ISIC_0610499,0.7036803960800171
ISIC_0618123,0.0027417137753218412
ISIC_0633126,0.0010346303461119533
ISIC_0637539,0.0033215610310435295
ISIC_0642715,1.9640741811599582e-05
ISIC_0644461,0.5417407155036926
ISIC_0644970,0.00021172886772546917
ISIC_0651760,0.0003708243020810187
ISIC_0652867,0.00019506238459143788
ISIC_0657811,0.02263612113893032
ISIC_0658963,3.236607199141872e-06
ISIC_0669605,0.28612959384918213
ISIC_0675972,0.009492889977991581
ISIC_0678758,0.5557045340538025
ISIC_0679781,0.0005043527344241738
ISIC_0685154,0.5766816139221191
ISIC_0685898,0.36974775791168213
ISIC_0687823,0.33029237389564514
ISIC_0704895,0.000172762869624421
ISIC_0719366,0.5486461520195007
ISIC_0720105,0.012650152668356895
ISIC_0721010,0.4423440992832184
ISIC_0723112,0.04604578763246536
ISIC_0723595,0.06458267569541931
ISIC_0728350,0.008377417922019958
ISIC_0740001,0.04383590817451477
ISIC_0741694,0.0002178441354772076
ISIC_0742933,0.03476247191429138
ISIC_0751219,0.00733188958838582
ISIC_0751846,0.30498939752578735
ISIC_0770772,4.6523678065568674e-06
ISIC_0809241,0.002010117517784238
ISIC_0828069,0.3322994112968445
ISIC_0829433,0.16571387648582458
ISIC_0829565,0.3519473075866699
ISIC_0829995,0.01109852734953165
ISIC_0845897,9.780709433471202e-07
ISIC_0853430,0.0021417669486254454
ISIC_0860318,0.5363208055496216
ISIC_0873358,0.000534918624907732
ISIC_0883408,0.00010986922279698774
ISIC_0889483,0.4689527451992035
ISIC_0889988,0.4793114960193634
ISIC_0894057,0.00897480733692646
ISIC_0897526,0.0008380292565561831
ISIC_0900349,0.0218257587403059
ISIC_0907214,0.010855967178940773
ISIC_0912196,0.25895723700523376
ISIC_0915311,0.001084288815036416
ISIC_0927719,0.010886660777032375
ISIC_0933821,0.5168375968933105
ISIC_0939648,0.0014869963051751256
ISIC_0940385,0.4983365535736084
ISIC_0941527,0.4646333158016205
ISIC_0943089,0.031129416078329086
ISIC_0950828,0.00154426833614707
ISIC_0953133,0.4115942418575287
ISIC_0980513,4.336260099080391e-05
ISIC_0990403,7.603682024637237e-05
ISIC_0998408,0.012331338599324226
ISIC_1001731,0.021572647616267204
ISIC_1005745,0.001254607574082911
ISIC_1006632,0.00017547632160130888
ISIC_1010991,0.030540868639945984
ISIC_1015191,0.0013795208651572466
ISIC_1027856,0.3580791652202606
ISIC_1030453,0.004324907436966896
ISIC_1052148,0.49171772599220276
ISIC_1061363,0.0023884885013103485
ISIC_1071617,0.28268104791641235
ISIC_1074985,0.45517265796661377
ISIC_1078823,0.5688487887382507
ISIC_1085285,0.6700705289840698
ISIC_1091902,0.02486487664282322
ISIC_1100665,9.562979539623484e-05
ISIC_1106211,0.1284516602754593
ISIC_1109485,0.0035772076807916164
ISIC_1115266,0.3509000241756439
ISIC_1116037,0.04238320514559746
ISIC_1120654,0.46637439727783203
ISIC_1122023,0.020289134234189987
ISIC_1122727,0.0017110157059505582
ISIC_1133347,0.0004454860754776746
ISIC_1152559,0.20931316912174225
ISIC_1154756,0.040921181440353394
ISIC_1162576,0.001458153361454606
ISIC_1171426,0.0013199187815189362
ISIC_1172955,0.008892945013940334
ISIC_1174039,0.0028080306947231293
ISIC_1178227,0.0006580891204066575
ISIC_1182624,3.408678458072245e-05
ISIC_1189461,0.0011177085107192397
ISIC_1195254,3.322474367450923e-05
ISIC_1195961,0.004144700709730387
ISIC_1198422,9.165694791590795e-05
ISIC_1203254,0.3157777786254883
ISIC_1210893,3.815348463831469e-06
ISIC_1217717,0.15345509350299835
ISIC_1220029,0.004334351047873497
ISIC_1221691,0.0015395134687423706
ISIC_1228927,0.3897683024406433
ISIC_1233830,6.407955515896901e-05
ISIC_1245414,6.2177377913030796e-06
ISIC_1250861,0.006999538280069828
ISIC_1253435,0.3244062066078186
ISIC_1259465,2.725640297285281e-05
ISIC_1259590,1.2054259968863335e-05
ISIC_1260198,0.0016002603806555271
ISIC_1264576,3.5101198591291904e-05
ISIC_1274550,0.5091044306755066
ISIC_1275964,0.0010640722466632724
ISIC_1276130,0.04139815270900726
ISIC_1280112,0.0005212418618611991
ISIC_1280780,0.5362629294395447
ISIC_1284496,0.021640460938215256
ISIC_1300006,0.007041218690574169
ISIC_1310183,0.025338778272271156
ISIC_1315123,0.01841222308576107
ISIC_1316185,0.009631486609578133
ISIC_1323471,2.304834379174281e-05
ISIC_1326483,0.0009650003048591316
ISIC_1328417,0.19327779114246368
ISIC_1344757,0.005813631694763899
ISIC_1353530,0.19831866025924683
ISIC_1358757,5.079348284198204e-07
ISIC_1361355,0.001147949369624257
ISIC_1366993,0.6162012815475464
ISIC_1369273,0.2644181549549103
ISIC_1372003,0.0010168232256546617
ISIC_1382220,0.18174625933170319
ISIC_1384527,0.027210652828216553
ISIC_1392776,0.0016032144194468856
ISIC_1395443,0.00012858033005613834
ISIC_1396321,0.005814686883240938
ISIC_1399765,0.00236226967535913
ISIC_1401235,0.07046736776828766
ISIC_1402009,0.006551841273903847
ISIC_1402156,0.3776712715625763
ISIC_1404780,0.0033941662404686213
ISIC_1410344,0.3277153968811035
ISIC_1410408,0.0009822672000154853
ISIC_1411567,0.010607326403260231
ISIC_1412137,0.57899409532547
ISIC_1423497,0.26922422647476196
ISIC_1428637,0.435245156288147
ISIC_1429954,0.5484961271286011
ISIC_1435102,0.00014086536248214543
ISIC_1443134,0.46773213148117065
ISIC_1446344,0.47543808817863464
ISIC_1450315,0.7011020183563232
ISIC_1472777,0.1677825152873993
ISIC_1476323,0.009199755266308784
ISIC_1477990,0.0027133722323924303
ISIC_1482346,0.06417771428823471
ISIC_1509056,0.004706147592514753
ISIC_1509417,0.16985240578651428
ISIC_1510160,0.006139951292425394
ISIC_1528092,0.0008626098278909922
ISIC_1537939,0.4250887632369995
ISIC_1539069,7.509022543672472e-05
ISIC_1541028,0.002192065352573991
ISIC_1544093,0.01037762314081192
ISIC_1562512,0.38892921805381775
ISIC_1565701,8.078007522271946e-05
ISIC_1566381,0.3928201496601105
ISIC_1605988,0.00031118583865463734
ISIC_1606398,0.00046076069702394307
ISIC_1608192,0.24310313165187836
ISIC_1611503,2.2405782146961428e-05
ISIC_1614795,0.655902087688446
ISIC_1617676,0.05442669615149498
ISIC_1619640,0.5243734121322632
ISIC_1626834,0.0333770290017128
ISIC_1631440,0.17346452176570892
ISIC_1637401,0.00047817808808758855
ISIC_1640023,0.005578893236815929
ISIC_1640823,0.003412452759221196
ISIC_1641226,0.13312290608882904
ISIC_1641823,0.0008111262577585876
ISIC_1648826,0.12665756046772003
ISIC_1655513,0.0008429515874013305
ISIC_1658780,0.002174531575292349
ISIC_1659054,0.005530578549951315
ISIC_1669883,0.0012404934968799353
ISIC_1682693,0.3042137920856476
ISIC_1685333,0.2527133822441101
ISIC_1689309,0.004614657256752253
ISIC_1690665,0.5163317322731018
ISIC_1698805,0.47463786602020264
ISIC_1699530,0.009003751911222935
ISIC_1700928,0.11904575675725937
ISIC_1709900,0.003978766966611147
ISIC_1714905,0.6034546494483948
ISIC_1718707,0.42855894565582275
ISIC_1732652,0.4850599765777588
ISIC_1735703,0.017465027049183846
ISIC_1738738,0.008908899500966072
ISIC_1744817,0.008065019734203815
ISIC_1746702,0.16136465966701508
ISIC_1761878,0.02309294044971466
ISIC_1787992,0.00014696845028083771
ISIC_1789191,0.0004174506466370076
ISIC_1790549,0.00013328026398085058
ISIC_1792109,0.029344920068979263
ISIC_1795502,0.15328750014305115
ISIC_1803252,0.33905667066574097
ISIC_1809912,0.33860617876052856
ISIC_1815136,0.006912339944392443
ISIC_1821821,0.4349516034126282
ISIC_1836687,0.4601566791534424
ISIC_1843876,0.00012232894368935376
ISIC_1845271,0.001083462848328054
ISIC_1846183,0.45379993319511414
ISIC_1849442,0.005988487973809242
ISIC_1858123,0.07014777511358261
ISIC_1863917,0.22036053240299225
ISIC_1880716,0.49966737627983093
ISIC_1880757,0.0003331479092594236
ISIC_1885174,0.08393565565347672
ISIC_1888865,0.011142401024699211
ISIC_1891677,0.0018273044843226671
ISIC_1894676,0.013991123996675014
ISIC_1904244,0.6679413914680481
ISIC_1905855,0.17617309093475342
ISIC_1906729,0.00435100169852376
ISIC_1912757,0.6107862591743469
ISIC_1924663,0.00038991300971247256
ISIC_1924821,0.026591669768095016
ISIC_1924898,0.0014439636142924428
ISIC_1925623,5.2691604651045054e-05
ISIC_1930598,0.3127094805240631
ISIC_1932486,0.12452259659767151
ISIC_1932729,0.028728045523166656
ISIC_1938709,0.00016029097605496645
ISIC_1940924,0.0389007031917572
ISIC_1942980,0.0014146913308650255
ISIC_1949047,1.8078435459756292e-05
ISIC_1953808,0.00022457563318312168
ISIC_1955511,0.001497945748269558
ISIC_1962061,9.681923074822407e-06
ISIC_1964765,0.003151924582198262
ISIC_1975665,0.45612168312072754
ISIC_1978426,0.007797494996339083
ISIC_1984442,0.4823353588581085
ISIC_1984557,0.0035384930670261383
ISIC_1994499,0.0038049297872930765
ISIC_1996356,0.2046837955713272
ISIC_1996538,0.0005461983964778483
ISIC_1998942,0.007223610766232014
ISIC_2001492,0.21326632797718048
ISIC_2015266,0.05467402562499046
ISIC_2019110,0.0008345223614014685
ISIC_2019149,0.3933733105659485
ISIC_2020317,0.0001042246658471413
ISIC_2021296,0.06128738075494766
ISIC_2024502,0.4027288556098938
ISIC_2034313,0.012640545144677162
ISIC_2034687,0.5472916960716248
ISIC_2042483,0.00092505436623469
ISIC_2045377,0.38797837495803833
ISIC_2045595,0.014240828342735767
ISIC_2053391,0.2675895690917969
ISIC_2056352,0.03835184499621391
ISIC_2059085,0.2984539568424225
ISIC_2066825,0.20226961374282837
ISIC_2070595,0.00016466740635223687
ISIC_2092968,0.0005403825198300183
ISIC_2101389,0.0055418433621525764
ISIC_2108457,0.0007664483855478466
ISIC_2112213,0.4458356499671936
ISIC_2115645,0.11301082372665405
ISIC_2120508,0.0026458874344825745
ISIC_2123513,0.016101235523819923
ISIC_2127228,0.6971187591552734
ISIC_2131707,0.0005765716196037829
ISIC_2134704,0.5570071339607239
ISIC_2140099,0.0012715201592072845
ISIC_2140115,0.2409093976020813
ISIC_2144220,0.002334580523893237
ISIC_2148640,0.0001081688460544683
ISIC_2151856,0.02829163894057274
ISIC_2152051,0.005083940457552671
ISIC_2159982,0.32304781675338745
ISIC_2163734,0.5714981555938721
ISIC_2177748,0.35876819491386414
ISIC_2190479,0.4828755557537079
ISIC_2197398,0.0009554460411891341
ISIC_2204100,0.2016782909631729
ISIC_2205780,0.005443186964839697
ISIC_2211403,0.003397637279704213
ISIC_2212697,0.07804154604673386
ISIC_2219235,0.48357224464416504
ISIC_2222264,0.5423122644424438
ISIC_2250936,0.7842932343482971
ISIC_2252651,0.00022251626069191843
ISIC_2259986,0.5068065524101257
ISIC_2262146,0.41285672783851624
ISIC_2263311,0.001008157036267221
ISIC_2264768,0.0024373505730181932
ISIC_2266320,0.12242509424686432
ISIC_2267276,0.2382160723209381
ISIC_2274871,0.19184906780719757
ISIC_2279765,0.000127639839774929
ISIC_2282946,0.0007668493781238794
ISIC_2283063,0.0010870269034057856
ISIC_2283151,0.2455168068408966
ISIC_2289043,0.4244723618030548
ISIC_2289462,0.012484355829656124
ISIC_2289721,0.015429144725203514
ISIC_2290378,0.024106305092573166
ISIC_2292593,0.5178327560424805
ISIC_2294843,0.0019209408201277256
ISIC_2299862,0.000338196026859805
ISIC_2318640,0.03060278110206127
ISIC_2318657,0.018758445978164673
ISIC_2331656,0.00037536091986112297
ISIC_2334293,0.02152874879539013
ISIC_2334434,0.005935115739703178
ISIC_2337650,0.45848962664604187
ISIC_2338392,0.00039480288978666067
ISIC_2339123,0.3595040738582611
ISIC_2339522,0.21578800678253174
ISIC_2348481,0.21621699631214142
ISIC_2349743,0.00017018480866681784
ISIC_2358220,0.4011928141117096
ISIC_2363927,0.49942198395729065
ISIC_2374446,0.44764676690101624
ISIC_2382078,0.22908882796764374
ISIC_2388001,0.017039276659488678
ISIC_2394894,0.06210334599018097
ISIC_2396480,0.002111252397298813
ISIC_2403491,0.006721215788275003
ISIC_2410133,9.815423982217908e-05
ISIC_2410520,0.0006754655041731894
ISIC_2414250,0.0005081199342384934
ISIC_2432466,0.0070909433998167515
ISIC_2445765,0.4785613715648651
ISIC_2449919,0.00025111352442763746
ISIC_2450853,0.0009378064423799515
ISIC_2452910,0.01441830676048994
ISIC_2458253,0.4370078146457672
ISIC_2460823,0.5184274911880493
ISIC_2461940,0.29555544257164
ISIC_2464424,9.514969860902056e-05
ISIC_2470998,0.003285883227363229
ISIC_2480615,4.257732871337794e-05
ISIC_2499559,0.2396170049905777
ISIC_2507845,0.6018893122673035
ISIC_2508759,0.0003748145536519587
ISIC_2513933,0.5777685642242432
ISIC_2526675,0.0014783545630052686
ISIC_2527485,0.008205377496778965
ISIC_2532544,0.04374985024333
ISIC_2543280,0.5359793901443481
ISIC_2549331,0.15012376010417938
ISIC_2552833,0.0005167900235392153
ISIC_2556851,0.0013020699843764305
ISIC_2558940,0.4447634220123291
ISIC_2559545,0.4873146712779999
ISIC_2589797,0.03245032578706741
ISIC_2596814,0.00034967821557074785
ISIC_2600276,0.008433831855654716
ISIC_2610971,3.4957568004756467e-06
ISIC_2636004,0.0017354285810142756
ISIC_2637795,0.03936848044395447
ISIC_2638895,0.010500588454306126
ISIC_2639547,0.019935838878154755
ISIC_2648018,0.5229541659355164
ISIC_2652721,5.279080141917802e-06
ISIC_2655423,0.5339948534965515
ISIC_2658854,0.036795731633901596
ISIC_2660216,0.00034771388163790107
ISIC_2663010,0.5020275712013245
ISIC_2667748,0.16767096519470215
ISIC_2668705,0.041879720985889435
ISIC_2671817,0.10522285848855972
ISIC_2673716,0.5398414731025696
ISIC_2673871,0.0006004786118865013
ISIC_2677545,0.0011429698206484318
ISIC_2680689,0.4599650204181671
ISIC_2685044,0.0005854010232724249
ISIC_2686026,0.00037685356801375747
ISIC_2687164,0.2913050651550293
ISIC_2691209,0.00011435768101364374
ISIC_2694059,0.21173995733261108
ISIC_2695497,0.02552649937570095
ISIC_2697895,0.0023872593883424997
ISIC_2708737,0.0001347137294942513
ISIC_2711160,0.005221561994403601
ISIC_2721178,0.3197016716003418
ISIC_2729409,0.4562232196331024
ISIC_2730610,0.4205452501773834
ISIC_2735672,0.03256846219301224
ISIC_2739018,0.007594888564199209
ISIC_2746191,0.013017640449106693
ISIC_2760961,0.0036991408560425043
ISIC_2761440,0.46364209055900574
ISIC_2764407,0.0008780575008131564
ISIC_2766908,0.643093466758728
ISIC_2772581,0.00908726081252098
ISIC_2778247,0.012664311565458775
ISIC_2785789,0.16423453390598297
ISIC_2793686,0.51416015625
ISIC_2798803,0.004887844901531935
ISIC_2800198,0.018067359924316406
ISIC_2809880,0.17186185717582703
ISIC_2815040,0.6109291315078735
ISIC_2818953,0.04977942630648613
ISIC_2824296,0.4119280278682709
ISIC_2826618,6.880859291413799e-05
ISIC_2826766,0.5152348875999451
ISIC_2828001,0.027664458379149437
ISIC_2828861,0.0015136718284338713
ISIC_2828977,0.07658179849386215
ISIC_2857529,0.021574482321739197
ISIC_2864893,0.31650158762931824
ISIC_2871456,0.0003087372169829905
ISIC_2874203,0.008694004267454147
ISIC_2887033,0.5030978322029114
ISIC_2889385,0.0006913533434271812
ISIC_2891869,0.5254732966423035
ISIC_2910609,0.00010631707846187055
ISIC_2914669,0.55987149477005
ISIC_2929993,0.0019441888434812427
ISIC_2933799,5.6330818551941775e-06
ISIC_2939734,0.0006993565475568175
ISIC_2943089,0.4394073486328125
ISIC_2943327,0.0030482797883450985
ISIC_2945891,0.00475931353867054
ISIC_2946123,0.14113664627075195
ISIC_2950671,0.01064077764749527
ISIC_2953742,0.02243581973016262
ISIC_2956783,0.6512241363525391
ISIC_2969101,0.021970033645629883
ISIC_2971756,0.0018998736049979925
ISIC_2977718,0.00913253054022789
ISIC_2981881,7.969656144268811e-05
ISIC_2982175,0.0001705002214293927
ISIC_2996057,0.0013477870961651206
ISIC_3006279,0.00695241242647171
ISIC_3007232,0.14281976222991943
ISIC_3008060,0.5840165615081787
ISIC_3014965,0.03937774896621704
ISIC_3025189,0.002770352875813842
ISIC_3037138,0.00011008357250830159
ISIC_3046758,0.00033507656189613044
ISIC_3049506,0.003646016353741288
ISIC_3050780,0.00015612000424880534
ISIC_3059967,0.0005156354163773358
ISIC_3062039,0.00013093961752019823
ISIC_3063649,7.189186726463959e-05
ISIC_3069268,0.0030675148591399193
ISIC_3078678,4.01091092498973e-05
ISIC_3080307,0.02460823394358158
ISIC_3082466,0.0033149877563118935
ISIC_3082841,0.5290907621383667
ISIC_3095085,0.001132311183027923
ISIC_3097976,0.62105792760849
ISIC_3106058,0.004075678996741772
ISIC_3118435,0.02875281311571598
ISIC_3125030,0.00016008249076548964
ISIC_3125318,0.00014740604092366993
ISIC_3129578,0.0008477148367092013
ISIC_3154716,0.16372665762901306
ISIC_3157046,0.0012130285613238811
ISIC_3157385,0.22449438273906708
ISIC_3161481,0.6362722516059875
ISIC_3183210,0.3136456608772278
ISIC_3187746,0.00024671386927366257
ISIC_3192233,0.03377405181527138
ISIC_3209501,0.00030171204707585275
ISIC_3215136,0.11789409816265106
ISIC_3219286,0.006458337884396315
ISIC_3222454,0.00227399286814034
ISIC_3227802,0.015003961510956287
ISIC_3228711,0.5870089530944824
ISIC_3234816,0.0019711570348590612
ISIC_3237033,0.00013202839181758463
ISIC_3238529,0.6047520041465759
ISIC_3244798,0.004149879794567823
ISIC_3251828,0.386109322309494
ISIC_3251951,0.007366972975432873
ISIC_3267312,0.00018423899018671364
ISIC_3269490,0.0071568563580513
ISIC_3283286,0.13786569237709045
ISIC_3298596,0.0010484142694622278
ISIC_3302405,0.05627470090985298
ISIC_3304293,8.682608313392848e-05
ISIC_3304345,0.003775386605411768
ISIC_3306507,0.004600514192134142
ISIC_3315795,0.0029925175476819277
ISIC_3318928,0.0006422553560696542
ISIC_3331853,0.015833808109164238
ISIC_3341994,0.6787353754043579
ISIC_3352799,0.020477348938584328
ISIC_3362969,0.05673767626285553
ISIC_3386656,0.15028813481330872
ISIC_3387713,0.17289717495441437
ISIC_3389722,0.003323046723380685
ISIC_3390118,0.00014966190792620182
ISIC_3392571,0.0013043208746239543
ISIC_3397468,0.06629908829927444
ISIC_3406519,0.03271840512752533
ISIC_3420087,0.08276652544736862
ISIC_3420574,0.005192638840526342
ISIC_3428559,0.44115108251571655
ISIC_3428742,0.3185555338859558
ISIC_3433352,0.0025687855668365955
ISIC_3435535,0.14762231707572937
ISIC_3437943,0.0005215147393755615
ISIC_3438779,0.0004003896610811353
ISIC_3457043,0.001880780910141766
ISIC_3460083,0.0030064114835113287
ISIC_3461229,0.0020918985828757286
ISIC_3464226,0.021094197407364845
ISIC_3469923,0.00393502926453948
ISIC_3470672,0.010384520515799522
ISIC_3472937,0.012358558364212513
ISIC_3481509,0.1619095653295517
ISIC_3484988,0.0017505624564364552
ISIC_3485557,0.0020339777693152428
ISIC_3489630,0.36787375807762146
ISIC_3490073,0.4261777102947235
ISIC_3492670,0.00011278759484412149
ISIC_3497346,0.0076584890484809875
ISIC_3507198,0.022696109488606453
ISIC_3513901,0.005315890535712242
ISIC_3514891,0.013137582689523697
ISIC_3526122,0.45964568853378296
ISIC_3526799,0.002879589330404997
ISIC_3540971,0.0026974601205438375
ISIC_3541193,0.004939234349876642
ISIC_3548393,0.010014884173870087
ISIC_3550844,0.45154067873954773
ISIC_3551685,0.008291017264127731
ISIC_3554078,0.0007563672843389213
ISIC_3558953,0.001909665996208787
ISIC_3569965,0.003181115258485079
ISIC_3570209,0.4026869237422943
ISIC_3575862,0.04838685318827629
ISIC_3577628,0.0037592051085084677
ISIC_3580818,0.00036038985126651824
ISIC_3589379,0.00015123361663427204
ISIC_3590548,0.0024840564001351595
ISIC_3591045,2.539687011449132e-05
ISIC_3593384,0.00017497275257483125
ISIC_3594885,0.003963779658079147
ISIC_3599396,0.19523943960666656
ISIC_3599489,0.016430458053946495
ISIC_3604681,0.0009323676931671798
ISIC_3612211,0.010593644343316555
ISIC_3612285,0.38983097672462463
ISIC_3613068,2.23341030505253e-05
ISIC_3614121,0.5353733897209167
ISIC_3615391,0.24515923857688904
ISIC_3630538,0.0022757372353225946
ISIC_3633227,5.4832507885294035e-05
ISIC_3635577,0.0011453130282461643
ISIC_3657408,0.4381261169910431
ISIC_3672291,0.006830747239291668
ISIC_3677945,0.5630192756652832
ISIC_3680069,0.03785702958703041
ISIC_3689984,0.41438359022140503
ISIC_3692776,0.034014977514743805
ISIC_3694619,0.16151684522628784
ISIC_3699454,0.10925325006246567
ISIC_3703408,0.006707918830215931
ISIC_3713085,0.43728768825531006
ISIC_3725295,0.5037955045700073
ISIC_3728659,0.0014350108103826642
ISIC_3730327,0.3948083221912384
ISIC_3730507,0.6061980724334717
ISIC_3731040,0.003191706258803606
ISIC_3733112,0.6765318512916565
ISIC_3734674,0.0189374852925539
ISIC_3738157,0.04368613660335541
ISIC_3754362,0.14651113748550415
ISIC_3754466,6.430525536416098e-05
ISIC_3762459,0.000250752957072109
ISIC_3766837,0.28569677472114563
ISIC_3768397,0.0005162975867278874
ISIC_3769211,0.14558427035808563
ISIC_3776131,0.5481427907943726
ISIC_3777798,0.0011610786896198988
ISIC_3783427,0.5047850012779236
ISIC_3785665,0.44253313541412354
ISIC_3789653,0.004931981209665537
ISIC_3796594,2.7363656045054086e-05
ISIC_3799267,0.0035841320641338825
ISIC_3804607,0.4944171905517578
ISIC_3814807,0.004686564672738314
ISIC_3838637,0.40269777178764343
ISIC_3844404,0.00027058724663220346
ISIC_3844839,0.48315611481666565
ISIC_3846727,0.40696457028388977
ISIC_3848670,0.00015021178114693612
ISIC_3862917,0.5775431990623474
ISIC_3865503,0.0003026174963451922
ISIC_3874619,0.6807886958122253
ISIC_3881573,0.33430737257003784
ISIC_3882159,0.000304412969853729
ISIC_3889380,0.09431558102369308
ISIC_3907800,0.6223017573356628
ISIC_3908638,1.5234418242471293e-05
ISIC_3909443,0.13854052126407623
ISIC_3916762,1.0770158041850664e-05
ISIC_3945116,0.011307643726468086
ISIC_3945529,0.012685143388807774
ISIC_3945730,0.00043215538607910275
ISIC_3952070,0.2507473826408386
ISIC_3964454,0.015533802099525928
ISIC_3975427,2.0544099243124947e-05
ISIC_3978469,0.002185493241995573
ISIC_3987159,0.006583026610314846
ISIC_3988396,2.07186189982167e-06
ISIC_3992996,0.26674145460128784
ISIC_4001846,0.024326670914888382
ISIC_4003854,0.00020429817959666252
ISIC_4004775,0.457166463136673
ISIC_4024808,0.5927586555480957
ISIC_4032288,0.0014409071300178766
ISIC_4034244,0.3501878082752228
ISIC_4035599,0.10276245325803757
ISIC_4038618,0.0015492906095460057
ISIC_4047927,0.008372551761567593
ISIC_4052597,0.3975323736667633
ISIC_4064330,0.5391814112663269
ISIC_4064438,0.015820056200027466
ISIC_4072610,0.003936773631721735
ISIC_4075797,0.470319926738739
ISIC_4077664,0.0012950148666277528
ISIC_4080784,0.0002485609147697687
ISIC_4102774,0.002453308319672942
ISIC_4108571,0.0008248761878348887
ISIC_4108630,0.42367103695869446
ISIC_4122442,0.0001480932696722448
ISIC_4125071,0.0004022083303425461
ISIC_4132082,0.35979577898979187
ISIC_4132685,0.4681961238384247
ISIC_4137198,0.4720310866832733
ISIC_4141515,0.0033485160674899817
ISIC_4145523,0.29755479097366333
ISIC_4158721,0.006352355238050222
ISIC_4162828,0.7278013825416565
ISIC_4167334,0.39782172441482544
ISIC_4174614,0.34711068868637085
ISIC_4182801,0.0017279810272157192
ISIC_4190706,0.0009859326528385282
ISIC_4197781,0.48578548431396484
ISIC_4207851,0.03540728986263275
ISIC_4212457,0.005783445667475462
ISIC_4221317,0.3938489258289337
ISIC_4229429,0.0005013574846088886
ISIC_4233755,0.4237235188484192
ISIC_4235503,0.3869165778160095
ISIC_4242504,0.5299729704856873
ISIC_4253348,0.0003191007417626679
ISIC_4260257,0.40134596824645996
ISIC_4266467,2.831297251759679e-06
ISIC_4273914,0.004852243233472109
ISIC_4279689,6.22558172835852e-06
ISIC_4282634,0.6045535206794739
ISIC_4285297,0.19376112520694733
ISIC_4320200,0.000918105652090162
ISIC_4323391,0.0001818878372432664
ISIC_4324163,0.46237075328826904
ISIC_4325003,6.68737038722611e-06
ISIC_4325049,0.24217024445533752
ISIC_4327760,0.002788968849927187
ISIC_4328580,0.008075677789747715
ISIC_4358017,0.2937449812889099
ISIC_4359258,0.49498802423477173
ISIC_4360127,4.755005647893995e-05
ISIC_4364788,0.028559772297739983
ISIC_4366946,0.010539256036281586
ISIC_4368478,9.355398651678115e-05
ISIC_4369805,0.0019627967849373817
ISIC_4369851,0.00832900870591402
ISIC_4371865,0.00025618073414079845
ISIC_4374944,0.5179111957550049
ISIC_4375862,0.0007810948300175369
ISIC_4379942,0.010247822850942612
ISIC_4381427,1.7161055438918993e-05
ISIC_4385326,0.4864002764225006
ISIC_4397755,0.0013850874966010451
ISIC_4415049,0.026981934905052185
ISIC_4418545,8.191316010197625e-05
ISIC_4426166,0.37409794330596924
ISIC_4430409,0.433133602142334
ISIC_4442490,0.00013220917026046664
ISIC_4452285,0.004612067248672247
ISIC_4462773,0.0040052798576653
ISIC_4462821,0.002457759343087673
ISIC_4463482,2.0880614101770334e-05
ISIC_4468549,0.0006164727965369821
ISIC_4470766,0.6363722681999207
ISIC_4479651,0.06361834704875946
ISIC_4514511,0.47151657938957214
ISIC_4517117,0.0005147763295099139
ISIC_4521497,0.00018418472609482706
ISIC_4524431,0.00465609785169363
ISIC_4524763,0.0002023728156927973
ISIC_4527901,0.015414170920848846
ISIC_4533487,0.00019765978504437953
ISIC_4534608,0.7031238079071045
ISIC_4536709,0.4957631826400757
ISIC_4542516,0.0001713568635750562
ISIC_4547333,0.15240682661533356
ISIC_4555130,0.41275906562805176
ISIC_4555577,0.10780080407857895
ISIC_4560814,0.4412083923816681
ISIC_4564960,0.2874118983745575
ISIC_4569631,0.44441699981689453
ISIC_4580506,0.02185099758207798
ISIC_4589123,0.001622117473743856
ISIC_4590810,0.005221735220402479
ISIC_4597707,0.0642528310418129
ISIC_4600666,0.45973944664001465
ISIC_4603054,0.006360990460962057
ISIC_4605642,0.40587517619132996
ISIC_4610204,0.14500054717063904
ISIC_4613437,0.001083520008251071
ISIC_4613450,0.095360666513443
ISIC_4630228,0.0030789875891059637
ISIC_4633551,0.12968212366104126
ISIC_4634378,8.885359420673922e-06
ISIC_4646202,0.25786104798316956
ISIC_4647886,0.45611435174942017
ISIC_4669785,0.3884813189506531
ISIC_4670089,0.17913903295993805
ISIC_4671039,2.7361202228348702e-05
ISIC_4676579,0.000473074265755713
ISIC_4677514,0.46412721276283264
ISIC_4700144,0.007351272739470005
ISIC_4702027,0.023986196145415306
ISIC_4702809,0.0072512696497142315
ISIC_4703171,0.01713995821774006
ISIC_4711662,0.007290333043783903
ISIC_4717199,0.0941133126616478
ISIC_4724943,0.5018997192382812
ISIC_4726417,0.015576859936118126
ISIC_4737109,0.4504888653755188
ISIC_4739931,0.00702168233692646
ISIC_4744842,0.22095905244350433
ISIC_4745049,0.06546355783939362
ISIC_4748031,0.02333243377506733
ISIC_4751809,0.0021629207767546177
ISIC_4752144,0.0028473050333559513
ISIC_4754859,0.027789514511823654
ISIC_4758757,0.12431070953607559
ISIC_4782878,0.5707252025604248
ISIC_4786018,0.5388147234916687
ISIC_4786417,0.014037007465958595
ISIC_4794052,0.02752181515097618
ISIC_4796100,0.004444802179932594
ISIC_4796189,0.46523797512054443
ISIC_4810500,7.507382542826235e-05
ISIC_4813830,0.30676960945129395
ISIC_4816989,0.004047940950840712
ISIC_4817121,0.7194356322288513
ISIC_4824758,0.0001226981112267822
ISIC_4828265,0.0015037425328046083
ISIC_4840686,0.036388881504535675
ISIC_4840770,0.0013733624946326017
ISIC_4841508,0.0001495865872129798
ISIC_4856651,0.005065102595835924
ISIC_4869740,0.00418559554964304
ISIC_4873045,0.0014873911859467626
ISIC_4877382,0.5310791730880737
ISIC_4892761,0.0001387592637911439
ISIC_4896088,0.47746363282203674
ISIC_4901967,0.5207992792129517
ISIC_4905111,0.43618327379226685
ISIC_4920181,0.6731685996055603
ISIC_4928143,0.4053725004196167
ISIC_4946031,7.170877506723627e-05
ISIC_4954282,0.004829647950828075
ISIC_4955968,0.35029762983322144
ISIC_4959114,0.3782009482383728
ISIC_4961292,0.03055472858250141
ISIC_4973666,0.0008242932381108403
ISIC_4975454,0.006624539382755756
ISIC_4975505,0.006790446117520332
ISIC_4975949,0.03242942690849304
ISIC_4980328,0.01651042141020298
ISIC_5001317,0.17160968482494354
ISIC_5002700,0.0032127455342561007
ISIC_5004716,9.552406845614314e-05
ISIC_5018367,0.16230809688568115
ISIC_5029146,0.002768954262137413
ISIC_5029767,0.10911834239959717
ISIC_5042077,0.0028161336667835712
ISIC_5061661,0.06544768810272217
ISIC_5069715,0.19707199931144714
ISIC_5072824,0.006208557635545731
ISIC_5074129,0.00023058672377374023
ISIC_5074228,0.050427474081516266
ISIC_5087395,0.04252508655190468
ISIC_5093070,0.49354487657546997
ISIC_5097807,0.3005652129650116
ISIC_5099981,0.007583978585898876
ISIC_5101218,0.00029363922658376396
ISIC_5111439,0.06636535376310349
ISIC_5113187,0.5111575722694397
ISIC_5125960,7.240180275402963e-05
ISIC_5135143,0.2701886296272278
ISIC_5136612,0.38511738181114197
ISIC_5143697,0.15685148537158966
ISIC_5164045,0.0030469263438135386
ISIC_5167572,0.37310755252838135
ISIC_5173486,0.0011429840233176947
ISIC_5174173,1.7748330719769e-05
ISIC_5174685,0.4333358108997345
ISIC_5179884,0.00215904857032001
ISIC_5182148,0.11603039503097534
ISIC_5189247,0.0069716679863631725
ISIC_5201151,0.053396157920360565
ISIC_5202235,0.015696687623858452
ISIC_5219742,0.006526437122374773
ISIC_5224467,0.0002590626245364547
ISIC_5230371,9.831423085415736e-05
ISIC_5233643,0.0023071286268532276
ISIC_5238536,3.4847314964281395e-05
ISIC_5240387,0.005745790898799896
ISIC_5256697,0.26039570569992065
ISIC_5265488,0.49797022342681885
ISIC_5266752,8.645660273032263e-05
ISIC_5273043,0.00036546087358146906
ISIC_5274992,1.4753579307580367e-05
ISIC_5280356,0.06474675238132477
ISIC_5281762,0.0003101246547885239
ISIC_5290109,0.4697529971599579
ISIC_5291129,0.30931052565574646
ISIC_5298216,0.02052285149693489
ISIC_5300455,0.040667831897735596
ISIC_5309561,0.0014403103850781918
ISIC_5315486,0.004416071809828281
ISIC_5321109,0.5863848328590393
ISIC_5340815,0.15078318119049072
ISIC_5341021,0.26080095767974854
ISIC_5346591,0.0007962051895447075
ISIC_5351167,0.07428614795207977
ISIC_5357067,0.005030406638979912
ISIC_5359353,0.007787496317178011
ISIC_5360253,5.183399116504006e-05
ISIC_5360623,0.3630915880203247
ISIC_5365145,0.5621817111968994
ISIC_5367506,0.007868892513215542
ISIC_5368880,0.11298470199108124
ISIC_5377943,0.0004435823648236692
ISIC_5388851,1.8305336197954603e-06
ISIC_5396264,0.5083059668540955
ISIC_5407436,0.5603784322738647
ISIC_5413674,0.009470018558204174
ISIC_5416567,0.13791979849338531
ISIC_5431682,0.06592161953449249
ISIC_5437356,0.025862928479909897
ISIC_5442001,0.0043440647423267365
ISIC_5467675,0.0002663942868821323
ISIC_5469999,0.0011451952159404755
ISIC_5472629,0.0017332176212221384
ISIC_5476174,0.016877854242920876
ISIC_5482648,0.0003264096158090979
ISIC_5483119,0.39084523916244507
ISIC_5485661,0.0005905927973799407
ISIC_5486460,0.006567769683897495
ISIC_5495452,0.0005354463937692344
ISIC_5495649,0.06907885521650314
ISIC_5503634,0.011724095791578293
ISIC_5516082,0.0013529023854061961
ISIC_5518805,0.00010934392776107416
ISIC_5526503,4.549093318928499e-06
ISIC_5529924,0.5716372132301331
ISIC_5534167,0.003252426628023386
ISIC_5536710,0.00035806468804366887
ISIC_5538346,0.010523751378059387
ISIC_5540047,0.048170123249292374
ISIC_5549618,0.0005962537252344191
ISIC_5552664,0.015271658077836037
ISIC_5555700,0.002143650082871318
ISIC_5558141,0.11317797750234604
ISIC_5559730,0.34644752740859985
ISIC_5570877,0.005529036745429039
ISIC_5571436,0.5092543363571167
ISIC_5573566,2.8716098313452676e-05
ISIC_5578611,4.948155037709512e-05
ISIC_5578739,0.00018565858772490174
ISIC_5580000,0.0023415766190737486
ISIC_5586765,3.281366662122309e-05
ISIC_5588935,0.3776012659072876
ISIC_5608082,0.073728047311306
ISIC_5611104,0.19120235741138458
ISIC_5621260,0.3241545855998993
ISIC_5624273,0.002295754849910736
ISIC_5627928,0.41790181398391724
ISIC_5628322,0.19675461947917938
ISIC_5634573,0.38994622230529785
ISIC_5635264,0.003582541598007083
ISIC_5637273,0.36334899067878723
ISIC_5644673,0.4637989103794098
ISIC_5646706,0.0004421491175889969
ISIC_5654651,0.43401646614074707
ISIC_5662175,0.0012001621071249247
ISIC_5663111,0.08507383614778519
ISIC_5667469,2.1223306248430163e-05
ISIC_5668394,0.003236197168007493
ISIC_5673859,0.4254764914512634
ISIC_5684218,0.0015361463883891702
ISIC_5689428,0.00023443963436875492
ISIC_5691038,0.01990165375173092
ISIC_5692027,0.008622384630143642
ISIC_5696540,3.27674497384578e-05
ISIC_5702549,0.0015459388960152864
ISIC_5708658,0.10306402295827866
ISIC_5709145,0.002679545432329178
ISIC_5713761,0.5096423625946045
ISIC_5714090,0.07123088836669922
ISIC_5716385,0.000923004699870944
ISIC_5720694,0.45121264457702637
ISIC_5722914,0.00017297486192546785
ISIC_5723495,0.0018183239735662937
ISIC_5726007,0.12549732625484467
ISIC_5747709,0.0001225285668624565
ISIC_5753196,0.00417571933940053
ISIC_5768602,0.5004928112030029
ISIC_5772785,4.661795173888095e-05
ISIC_5774974,0.2686637341976166
ISIC_5776158,0.0003044878540094942
ISIC_5787278,0.5139756798744202
ISIC_5789994,0.0001978353102458641
ISIC_5792189,0.10152939707040787
ISIC_5801307,0.0001313776010647416
ISIC_5802598,0.0003864600439555943
ISIC_5802768,0.3239119052886963
ISIC_5810232,0.4947509169578552
ISIC_5812931,0.39131787419319153
ISIC_5842418,0.0004795437562279403
ISIC_5863114,0.15251034498214722
ISIC_5869699,0.0022362172603607178
ISIC_5873438,0.5225081443786621
ISIC_5879917,0.00622226856648922
ISIC_5888212,0.004655645228922367
ISIC_5889790,0.4639506936073303
ISIC_5894728,0.2675008177757263
ISIC_5897134,0.009530737064778805
ISIC_5902170,0.0009519378072582185
ISIC_5908132,0.15118254721164703
ISIC_5908780,0.32625800371170044
ISIC_5910685,0.6204777359962463
ISIC_5914196,0.5090656876564026
ISIC_5941314,2.7443204089649953e-05
ISIC_5944083,0.0035770516842603683
ISIC_5945822,0.0003455936966929585
ISIC_5950041,0.008811642415821552
ISIC_5957307,0.5600570440292358
ISIC_5958657,0.5244117379188538
ISIC_5959021,0.006963462568819523
ISIC_5961448,0.017281606793403625
ISIC_5964676,0.2330373078584671
ISIC_5967053,0.0033363327383995056
ISIC_5972490,0.03995131328701973
ISIC_5979771,0.2687525153160095
ISIC_5984418,0.03603137657046318
ISIC_5986586,0.0016263748984783888
ISIC_5990209,0.012449807487428188
ISIC_6010018,0.01942211017012596
ISIC_6016759,0.7540081739425659
ISIC_6023792,0.0029674696270376444
ISIC_6024651,0.03222154825925827
ISIC_6031634,0.17260918021202087
ISIC_6034199,0.0034328338224440813
ISIC_6040311,0.1515679955482483
ISIC_6047197,0.4828718602657318
ISIC_6050515,0.003543991595506668
ISIC_6056295,0.0014756626915186644
ISIC_6058345,5.621877789963037e-05
ISIC_6072166,0.0576520673930645
ISIC_6078729,0.0028175897896289825
ISIC_6080906,0.023841513320803642
ISIC_6090313,0.0006624397356063128
ISIC_6090684,0.322406142950058
ISIC_6093041,0.00666632829234004
ISIC_6096306,0.0002706207742448896
ISIC_6098003,0.00041588410385884345
ISIC_6099309,0.00047668215120211244
ISIC_6099931,0.18762807548046112
ISIC_6107184,0.44879621267318726
ISIC_6114762,0.0034797764383256435
ISIC_6118204,0.0012476007686927915
ISIC_6123672,0.6902623772621155
ISIC_6136948,0.002643238753080368
ISIC_6140773,2.304834379174281e-05
ISIC_6142603,0.004168297629803419
ISIC_6144716,1.4090518561715726e-05
ISIC_6150484,0.0008136228425428271
ISIC_6152094,0.5358615517616272
ISIC_6163859,0.4053451120853424
ISIC_6166308,0.0010468036634847522
ISIC_6167377,0.0021763325203210115
ISIC_6171741,0.0006596634048037231
ISIC_6177698,0.007866659201681614
ISIC_6183124,0.0036007054150104523
ISIC_6188901,0.6422093510627747
ISIC_6189375,0.3451682925224304
ISIC_6195257,0.24958930909633636
ISIC_6197292,0.38313138484954834
ISIC_6208762,0.0007158393855206668
ISIC_6211297,0.027328884229063988
ISIC_6225104,0.31125837564468384
ISIC_6225303,0.00011396079207770526
ISIC_6226803,0.011927519924938679
ISIC_6228471,0.015695897862315178
ISIC_6236556,0.0045570801012218
ISIC_6237488,1.7114245565608144e-05
ISIC_6239663,0.09155566990375519
ISIC_6242842,4.1468134440947324e-05
ISIC_6250703,0.03176150470972061
ISIC_6262797,0.0025871300604194403
ISIC_6263974,0.2597289979457855
ISIC_6270513,0.04335419833660126
ISIC_6271913,4.6424964239122346e-05
ISIC_6272993,0.4921973943710327
ISIC_6283328,0.37803107500076294
ISIC_6288718,0.007334334310144186
ISIC_6296285,0.2715393602848053
ISIC_6296308,0.02557959221303463
ISIC_6297277,0.009392110630869865
ISIC_6299969,0.3233298659324646
ISIC_6306333,0.03928253427147865
ISIC_6312714,0.5496206283569336
ISIC_6313605,0.3090722858905792
ISIC_6315037,0.0006761591648682952
ISIC_6316043,0.6138246655464172
ISIC_6320017,0.006329353433102369
ISIC_6335490,0.6353392601013184
ISIC_6340394,0.0011744435178115964
ISIC_6341670,0.18274055421352386
ISIC_6342442,0.0021797711960971355
ISIC_6344673,0.005391014739871025
ISIC_6347269,0.005391024984419346
ISIC_6363862,0.04469045624136925
ISIC_6369963,0.00022354377142619342
ISIC_6371959,0.028293773531913757
ISIC_6376955,8.594564133090898e-05
ISIC_6378169,0.0002887655282393098
ISIC_6380209,0.0011141892755404115
ISIC_6380662,0.011511284857988358
ISIC_6384274,0.0027312408201396465
ISIC_6403739,0.36021852493286133
ISIC_6404810,0.409130334854126
ISIC_6413346,0.379599004983902
ISIC_6422441,0.25045546889305115
ISIC_6425979,0.0003529860114213079
ISIC_6432495,0.015937164425849915
ISIC_6434480,0.0013075965689495206
ISIC_6437676,0.00485658273100853
ISIC_6440489,0.04466090351343155
ISIC_6442221,0.0021553433034569025
ISIC_6447132,0.00012490323570091277
ISIC_6450285,0.00018527872452978045
ISIC_6452132,0.00019238042295910418
ISIC_6458199,0.00033640055335126817
ISIC_6461419,0.48212483525276184
ISIC_6464177,0.25629428029060364
ISIC_6464509,0.015486632473766804
ISIC_6473760,0.003295864909887314
ISIC_6477259,0.19362926483154297
ISIC_6488635,0.0037068265955895185
ISIC_6494409,0.5438606142997742
ISIC_6503619,0.00013428766396827996
ISIC_6507179,0.002222297480329871
ISIC_6534791,0.353762149810791
ISIC_6542088,0.01285621803253889
ISIC_6543121,0.0015434111701324582
ISIC_6547707,0.05746249854564667
ISIC_6551532,2.718748191909981e-06
ISIC_6553041,0.022435471415519714
ISIC_6557860,4.654829535866156e-05
ISIC_6559838,0.0005286018131300807
ISIC_6565709,3.584469368433929e-06
ISIC_6566042,0.4629610478878021
ISIC_6566304,0.00034931552363559604
ISIC_6567889,0.03578611835837364
ISIC_6574872,0.45198947191238403
ISIC_6578862,0.013268556445837021
ISIC_6584629,0.0384596511721611
ISIC_6588370,0.5630168914794922
ISIC_6590463,0.0020682134199887514
ISIC_6592334,0.2864784598350525
ISIC_6595273,0.36905813217163086
ISIC_6600424,0.00012277816131245345
ISIC_6604123,0.02851523645222187
ISIC_6616542,0.4019172191619873
ISIC_6618851,0.0005448454176075757
ISIC_6619258,0.0004351187963038683
ISIC_6633174,0.8063242435455322
ISIC_6635699,2.2569582142750733e-05
ISIC_6637633,0.5736750960350037
ISIC_6645710,0.4374658167362213
ISIC_6660516,0.019103091210126877
ISIC_6680873,0.006027219817042351
ISIC_6687321,0.0015636486932635307
ISIC_6687927,0.019565729424357414
ISIC_6688054,0.0030872710049152374
ISIC_6712836,0.329261839389801
ISIC_6715731,0.0036436491645872593
ISIC_6720670,0.1328757107257843
ISIC_6725760,0.0039426423609256744
ISIC_6730885,5.4326705139828846e-05
ISIC_6731372,0.004184969700872898
ISIC_6732763,0.0008021635585464537
ISIC_6737576,0.016533760353922844
ISIC_6737942,0.016307326033711433
ISIC_6745554,0.03402500972151756
ISIC_6753485,0.0005516065284609795
ISIC_6754684,0.00017403464880771935
ISIC_6756474,0.3148232400417328
ISIC_6756517,0.4085785746574402
ISIC_6757765,0.007024233695119619
ISIC_6760466,0.5531396865844727
ISIC_6763469,0.4043256342411041
ISIC_6764541,0.022752633318305016
ISIC_6771919,0.00011090415500802919
ISIC_6773042,0.12064414471387863
ISIC_6777153,0.042711589485406876
ISIC_6778251,0.3539430797100067
ISIC_6784305,0.0006720673409290612
ISIC_6785249,0.027344612404704094
ISIC_6802355,0.0009491429082117975
ISIC_6810076,3.47680106642656e-05
ISIC_6811793,0.22926859557628632
ISIC_6817228,0.0008819367503747344
ISIC_6826081,0.0025318050757050514
ISIC_6826692,0.4887428879737854
ISIC_6839272,0.002469629282131791
ISIC_6845907,0.4629690945148468
ISIC_6853584,0.2882615625858307
ISIC_6855226,0.37862277030944824
ISIC_6868834,0.13035625219345093
ISIC_6868966,0.0014023676048964262
ISIC_6876820,0.23635385930538177
ISIC_6879085,5.590731234406121e-05
ISIC_6899551,0.0016463514184579253
ISIC_6900579,0.2289274036884308
ISIC_6924549,0.4791519045829773
ISIC_6951506,0.025123506784439087
ISIC_6965417,0.5224045515060425
ISIC_6967143,0.000362192775355652
ISIC_6973830,0.27143579721450806
ISIC_6976235,0.0008701421902514994
ISIC_6985988,0.2634781301021576
ISIC_7002496,0.007261804770678282
ISIC_7006847,0.0016663569258525968
ISIC_7008022,0.19163388013839722
ISIC_7013680,0.0012079639127478004
ISIC_7015532,0.0006967234658077359
ISIC_7024593,0.00018163444474339485
ISIC_7032085,0.08857473731040955
ISIC_7035373,0.5519872903823853
ISIC_7045042,0.5335697531700134
ISIC_7059794,8.603231253800914e-05
ISIC_7060964,0.29445886611938477
ISIC_7066945,0.3678533732891083
ISIC_7067156,0.5193021893501282
ISIC_7068021,0.0005832061870023608
ISIC_7069404,0.0005584245664067566
ISIC_7077740,0.0015436721732839942
ISIC_7078487,0.15929849445819855
ISIC_7089905,0.00010155940981348976
ISIC_7090324,0.0035339968744665384
ISIC_7106500,0.000354773219441995
ISIC_7121344,0.01386727299541235
ISIC_7124273,6.028335974406218e-06
ISIC_7128674,0.1938881278038025
ISIC_7129666,0.20908847451210022
ISIC_7135134,0.0024704132229089737
ISIC_7140243,0.00010199574899161234
ISIC_7140537,0.0011290325783193111
ISIC_7140636,0.654689371585846
ISIC_7141153,0.0002431913308100775
ISIC_7143533,0.0009621814824640751
ISIC_7150606,0.000788697216194123
ISIC_7153988,0.0005131810321472585
ISIC_7165533,0.05047011747956276
ISIC_7166976,0.005267274100333452
ISIC_7170125,0.3154567778110504
ISIC_7171090,0.0018630791455507278
ISIC_7175030,0.03476756066083908
ISIC_7175857,0.010550648905336857
ISIC_7175899,0.28388237953186035
ISIC_7179845,0.1273329257965088
ISIC_7196249,0.060267042368650436
ISIC_7225725,0.00027976837009191513
ISIC_7225873,0.0015676050679758191
ISIC_7229814,0.40253812074661255
ISIC_7230027,0.13929851353168488
ISIC_7240224,0.16127662360668182
ISIC_7242339,0.011951961554586887
ISIC_7250813,0.0016833015251904726
ISIC_7255637,0.0007264460436999798
ISIC_7256965,0.02651909366250038
ISIC_7271745,2.870125899789855e-05
ISIC_7292853,0.6928030848503113
ISIC_7296462,0.029208213090896606
ISIC_7305142,0.0003434116079006344
ISIC_7308195,0.002047882415354252
ISIC_7318464,0.011256898753345013
ISIC_7323249,0.49234628677368164
ISIC_7332326,0.0025025547947734594
ISIC_7338760,0.49157997965812683
ISIC_7343798,0.005470265634357929
ISIC_7348651,0.31021642684936523
ISIC_7356924,2.121654870279599e-05
ISIC_7367184,0.0038369514513760805
ISIC_7374420,0.31735172867774963
ISIC_7374935,0.03249657526612282
ISIC_7378122,0.016975663602352142
ISIC_7380175,0.00016997139027807862
ISIC_7381224,0.0001321818126598373
ISIC_7385112,0.025380555540323257
ISIC_7386476,0.0022841477766633034
ISIC_7387427,0.21245014667510986
ISIC_7393085,0.10761937499046326
ISIC_7393413,0.006114438641816378
ISIC_7394834,0.03775474801659584
ISIC_7400588,0.2830367088317871
ISIC_7402256,0.12020795792341232
ISIC_7411913,0.0003499151498544961
ISIC_7433979,0.010577897541224957
ISIC_7437431,0.002265975112095475
ISIC_7441567,0.2368442267179489
ISIC_7452767,0.00045341000077314675
ISIC_7457488,0.033272746950387955
ISIC_7460111,0.36434778571128845
ISIC_7465753,0.004567017778754234
ISIC_7481615,0.03487413376569748
ISIC_7481978,0.00044152623740956187
ISIC_7486871,0.01453466434031725
ISIC_7489072,0.3792581856250763
ISIC_7492374,0.07455487549304962
ISIC_7507498,0.5154321193695068
ISIC_7507808,0.04060855507850647
ISIC_7510482,0.009329048916697502
ISIC_7511011,1.571578650327865e-05
ISIC_7515463,0.36687636375427246
ISIC_7523263,0.5899728536605835
ISIC_7526857,3.375170490471646e-05
ISIC_7540354,0.0009501223103143275
ISIC_7542454,0.6707478761672974
ISIC_7542722,0.3046623468399048
ISIC_7542873,0.053672607988119125
ISIC_7547609,0.0658811554312706
ISIC_7555232,0.0002054908691206947
ISIC_7558912,0.011287105269730091
ISIC_7563847,0.15765902400016785
ISIC_7564545,0.0009590088739059865
ISIC_7578547,0.0030925048049539328
ISIC_7589300,0.004501571413129568
ISIC_7601418,0.0016227869782596827
ISIC_7602513,5.537606557481922e-05
ISIC_7605547,0.5271259546279907
ISIC_7606849,7.459413609467447e-05
ISIC_7612417,0.04888089746236801
ISIC_7612427,0.5070663094520569
ISIC_7624985,0.011226994916796684
ISIC_7632525,0.5388274788856506
ISIC_7638574,0.004197519272565842
ISIC_7641157,0.0075296214781701565
ISIC_7641231,0.003074339358136058
ISIC_7641956,0.10067185759544373
ISIC_7649708,0.0016954165184870362
ISIC_7654580,0.6176214814186096
ISIC_7657155,0.001000046031549573
ISIC_7663567,0.001544859609566629
ISIC_7663719,0.06530599296092987
ISIC_7668345,0.00960211269557476
ISIC_7671454,0.006564453709870577
ISIC_7681336,0.08828180283308029
ISIC_7682537,0.3054860830307007
ISIC_7683437,2.232720362371765e-05
ISIC_7685852,2.2731412173015997e-05
ISIC_7688025,0.503265380859375
ISIC_7696762,0.1689823418855667
ISIC_7697051,0.5162039399147034
ISIC_7697623,0.012618097476661205
ISIC_7699223,0.251465380191803
ISIC_7704533,0.01442650705575943
ISIC_7716088,6.702382233925164e-05
ISIC_7723852,0.05400858446955681
ISIC_7725651,0.7535571455955505
ISIC_7728263,0.11357350647449493
ISIC_7733890,0.001546700019389391
ISIC_7738828,6.068662059988128e-06
ISIC_7740004,0.26263222098350525
ISIC_7742740,0.6154360175132751
ISIC_7750956,0.001485016429796815
ISIC_7755444,0.3595868945121765
ISIC_7764874,0.00529035460203886
ISIC_7776719,0.12232796847820282
ISIC_7781580,0.00016713734657969326
ISIC_7792073,0.00590326776728034
ISIC_7796348,0.045933809131383896
ISIC_7797853,0.1399930715560913
ISIC_7798310,0.0018757133511826396
ISIC_7802344,0.006966734305024147
ISIC_7806765,8.47603860165691e-06
ISIC_7808132,0.007395802531391382
ISIC_7817785,0.00023499059898313135
ISIC_7820005,0.09248044341802597
ISIC_7821676,0.0005027228035032749
ISIC_7840165,0.504492998123169
ISIC_7841770,0.008252340368926525
ISIC_7841993,0.004397859331220388
ISIC_7859801,0.2132277488708496
ISIC_7867245,0.5662511587142944
ISIC_7869953,0.00374098913744092
ISIC_7877488,0.5384265780448914
ISIC_7880636,0.029126545414328575
ISIC_7880705,0.016974708065390587
ISIC_7881514,0.01594792865216732
ISIC_7885531,0.24234692752361298
ISIC_7886280,0.004878974985331297
ISIC_7893482,0.450876921415329
ISIC_7900295,0.0006097319419495761
ISIC_7903213,0.005889459978789091
ISIC_7911301,0.4650168716907501
ISIC_7915065,0.4800889790058136
ISIC_7918817,0.5027065277099609
ISIC_7919133,0.013758409768342972
ISIC_7929526,0.4344276189804077
ISIC_7932466,0.37007513642311096
ISIC_7933514,0.0025302423164248466
ISIC_7935989,0.2021394520998001
ISIC_7949832,0.001202561310492456
ISIC_7951186,0.0011324835941195488
ISIC_7953039,0.6759892702102661
ISIC_7957630,0.0021130081731826067
ISIC_7964757,0.01909898966550827
ISIC_7980387,0.14102685451507568
ISIC_7984646,0.035906434059143066
ISIC_7985659,0.23494799435138702
ISIC_7986935,0.07217228412628174
ISIC_7988807,0.0004256643878761679
ISIC_7991424,0.09069123864173889
ISIC_7993653,0.01246513519436121
ISIC_7993774,0.05669458582997322
ISIC_8002729,8.65343026816845e-05
ISIC_8003408,0.02616611309349537
ISIC_8015990,0.002179026370868087
ISIC_8020153,0.0003316695219837129
ISIC_8023338,0.1689033955335617
ISIC_8028126,0.016607966274023056
ISIC_8028631,0.0009562424966134131
ISIC_8029613,0.44003355503082275
ISIC_8030914,0.4835106432437897
ISIC_8043887,2.2827452994533814e-05
ISIC_8044526,2.112918082275428e-05
ISIC_8063055,0.0018136424478143454
ISIC_8068865,0.008015060797333717
ISIC_8076451,1.7370099158142693e-05
ISIC_8080124,3.0760045774513856e-05
ISIC_8091098,0.0014060804387554526
ISIC_8097600,0.00036333591560833156
ISIC_8097808,0.00164888147264719
ISIC_8099381,0.0038471072912216187
ISIC_8116363,0.0028843965847045183
ISIC_8116421,0.05690672621130943
ISIC_8117653,1.7913444025907665e-05
ISIC_8131464,0.4139960706233978
ISIC_8139964,2.513493745937012e-05
ISIC_8148759,0.31986838579177856
ISIC_8151991,0.6397039294242859
ISIC_8165133,0.37005600333213806
ISIC_8172170,0.06221539527177811
ISIC_8172411,0.010499280877411366
ISIC_8172525,0.020042452961206436
ISIC_8174136,0.009583158418536186
ISIC_8182518,9.314353519584984e-05
ISIC_8195031,7.858523895265535e-05
ISIC_8202626,0.4587700366973877
ISIC_8203661,0.32021617889404297
ISIC_8205614,0.011897900141775608
ISIC_8208962,0.12697122991085052
ISIC_8210624,0.4976097643375397
ISIC_8212696,0.007158496417105198
ISIC_8214363,0.0032669929787516594
ISIC_8215710,1.5640609490219504e-05
ISIC_8223322,0.03644190728664398
ISIC_8229307,0.0002817314525600523
ISIC_8241171,0.5286038517951965
ISIC_8243312,0.008076708763837814
ISIC_8249834,0.26426076889038086
ISIC_8250448,0.5052602887153625
ISIC_8260280,0.2746664583683014
ISIC_8276527,0.0004696231917478144
ISIC_8285008,0.006589846685528755
ISIC_8300957,4.762557000503875e-05
ISIC_8311629,5.856356074218638e-05
ISIC_8318077,0.002745342906564474
ISIC_8321148,0.0004641714331228286
ISIC_8323234,0.007720104418694973
ISIC_8325107,0.00028207385912537575
ISIC_8329040,0.2080277055501938
ISIC_8340426,0.37703409790992737
ISIC_8343418,3.1533527362626046e-05
ISIC_8348457,0.23105566203594208
ISIC_8374895,0.0012668267590925097
ISIC_8376212,2.7117466743220575e-05
ISIC_8378634,0.46346259117126465
ISIC_8378790,0.002381186932325363
ISIC_8380605,0.008417418226599693
ISIC_8383600,0.002366335829719901
ISIC_8384985,0.0020500626415014267
ISIC_8395701,0.0005321222706697881
ISIC_8395902,0.001415276201441884
ISIC_8397746,0.004799957387149334
ISIC_8404950,0.0001432832214049995
ISIC_8409024,0.0028773462399840355
ISIC_8419036,0.40338101983070374
ISIC_8425541,0.41852596402168274
ISIC_8429669,2.377442979195621e-05
ISIC_8429722,0.0003476361744105816
ISIC_8430465,0.003843632061034441
ISIC_8430749,0.28193020820617676
ISIC_8439858,9.634484013076872e-05
ISIC_8442828,0.08266439288854599
ISIC_8443326,0.0035686707124114037
ISIC_8448473,0.0033588476944714785
ISIC_8450947,0.022927090525627136
ISIC_8455853,0.05431191623210907
ISIC_8468037,0.34366896748542786
ISIC_8474660,0.4958949387073517
ISIC_8475462,0.004774751141667366
ISIC_8483458,2.616894562379457e-05
ISIC_8484660,8.77592265169369e-06
ISIC_8492070,0.018586350604891777
ISIC_8492463,0.002021538559347391
ISIC_8495028,0.4828103482723236
ISIC_8500876,0.002186188939958811
ISIC_8502406,0.1436430960893631
ISIC_8503849,0.013194574974477291
ISIC_8510975,0.5595149993896484
ISIC_8531381,0.00022126674593891948
ISIC_8531541,0.0012969077797606587
ISIC_8538758,0.0009330101893283427
ISIC_8539990,0.007963471114635468
ISIC_8541533,0.00236078561283648
ISIC_8551124,0.0035157070960849524
ISIC_8556519,0.4759446382522583
ISIC_8565792,0.6768799424171448
ISIC_8580834,0.003327157348394394
ISIC_8583462,0.0006448768544942141
ISIC_8590883,0.0009162150672636926
ISIC_8596474,0.0005045330617576838
ISIC_8597354,1.4578068658011034e-05
ISIC_8618470,9.601796591596212e-06
ISIC_8626909,0.006290903314948082
ISIC_8632387,0.19910474121570587
ISIC_8636868,0.277646005153656
ISIC_8646115,0.00011250809620833024
ISIC_8651863,0.0005056480877101421
ISIC_8652341,0.5483887791633606
ISIC_8653009,0.004664239473640919
ISIC_8657079,0.0011240558233112097
ISIC_8661226,0.2349136918783188
ISIC_8669989,0.5506599545478821
ISIC_8672185,0.5968892574310303
ISIC_8675233,0.29246893525123596
ISIC_8676418,0.0029726121574640274
ISIC_8681917,0.3280317187309265
ISIC_8686097,0.0005951159982942045
ISIC_8691891,0.010527104139328003
ISIC_8694181,0.004270547069609165
ISIC_8699846,0.04116871953010559
ISIC_8704257,0.36183810234069824
ISIC_8706279,0.6097986102104187
ISIC_8740331,0.0005823532701469958
ISIC_8751380,0.3942970037460327
ISIC_8755312,0.0023339511826634407
ISIC_8757664,0.02999028004705906
ISIC_8765435,0.04566330835223198
ISIC_8770180,0.43652018904685974
ISIC_8780547,0.0022633238695561886
ISIC_8786693,0.00031432646210305393
ISIC_8798119,0.19343523681163788
ISIC_8799844,0.00012475444236770272
ISIC_8806647,0.3508468568325043
ISIC_8816154,0.33079051971435547
ISIC_8822452,0.4496711492538452
ISIC_8823566,0.002455279929563403
ISIC_8827399,0.11397120356559753
ISIC_8831706,0.18861159682273865
ISIC_8835154,0.34557169675827026
ISIC_8837880,0.06217704713344574
ISIC_8838315,0.0002231953403679654
ISIC_8849591,0.14386770129203796
ISIC_8853815,0.4448743164539337
ISIC_8853995,0.03257949277758598
ISIC_8854196,0.0074782948940992355
ISIC_8862967,0.5069630742073059
ISIC_8867555,0.00714606000110507
ISIC_8868666,0.5868528485298157
ISIC_8871750,0.00459970673546195
ISIC_8876993,0.010303246788680553
ISIC_8879126,0.0023079945240169764
ISIC_8882801,0.015986058861017227
ISIC_8887039,0.0005965482559986413
ISIC_8893501,0.1480599194765091
ISIC_8896474,0.00014968473988119513
ISIC_8899350,0.0013061028439551592
ISIC_8916370,0.002189776161685586
ISIC_8926892,0.24676579236984253
ISIC_8937710,0.015334690921008587
ISIC_8949331,0.40259385108947754
ISIC_8955135,0.003396126441657543
ISIC_8965320,0.3287474811077118
ISIC_8966231,0.0014820188516750932
ISIC_8967786,0.000745041761547327
ISIC_8973051,0.4267745614051819
ISIC_8973461,0.24672357738018036
ISIC_8993221,0.000299511244520545
ISIC_8995356,0.53277987241745
ISIC_8996654,5.5336058721877635e-05
ISIC_8997544,0.010685739107429981
ISIC_9000901,0.005171176977455616
ISIC_9001471,0.00014422849926631898
ISIC_9006160,0.49970999360084534
ISIC_9024242,0.34870272874832153
ISIC_9024615,0.0008169591310434043
ISIC_9025923,0.07120585441589355
ISIC_9028131,0.7284385561943054
ISIC_9028997,0.38021036982536316
ISIC_9041897,0.0019177546491846442
ISIC_9044329,0.48855799436569214
ISIC_9047209,0.002006078837439418
ISIC_9050685,0.0004178292874712497
ISIC_9055955,5.598915595328435e-05
ISIC_9059250,0.05542869120836258
ISIC_9066489,0.0047558811493217945
ISIC_9078399,0.005230411421507597
ISIC_9079489,0.0037903825286775827
ISIC_9079928,0.5162600874900818
ISIC_9090761,0.004245002754032612
ISIC_9093183,0.4775501489639282
ISIC_9096535,0.2349625527858734
ISIC_9105985,0.40684759616851807
ISIC_9115754,5.3656247473554686e-05
ISIC_9135299,0.10785773396492004
ISIC_9150236,0.0007049922714941204
ISIC_9159739,0.0026531529147177935
ISIC_9167741,0.001190846087411046
ISIC_9169000,0.5548007488250732
ISIC_9169956,3.8219379348447546e-05
ISIC_9175501,0.06043295934796333
ISIC_9178485,5.9314897953299806e-05
ISIC_9179119,0.062232017517089844
ISIC_9186287,0.43561896681785583
ISIC_9194220,0.03492283821105957
ISIC_9196783,0.001012731227092445
ISIC_9203070,0.01366941723972559
ISIC_9216458,0.008648264221847057
ISIC_9222136,0.0006792444619350135
ISIC_9224337,0.4744932949542999
ISIC_9225210,0.35092100501060486
ISIC_9232157,0.5034115314483643
ISIC_9239339,0.007558972109109163
ISIC_9239789,0.04652639105916023
ISIC_9241497,6.839879642939195e-05
ISIC_9244634,0.48883986473083496
ISIC_9247247,0.0003173020959366113
ISIC_9256438,0.20285527408123016
ISIC_9261199,0.0003597400791477412
ISIC_9266246,0.0005284753278829157
ISIC_9268137,0.0419793538749218
ISIC_9279110,0.00031186715932562947
ISIC_9280358,0.5331944227218628
ISIC_9299819,0.0006787336315028369
ISIC_9300579,0.0016391051467508078
ISIC_9303849,0.0026987483724951744
ISIC_9310178,0.0018756205681711435
ISIC_9317712,0.011517862789332867
ISIC_9320789,0.07955343276262283
ISIC_9330083,0.00041785635403357446
ISIC_9330341,0.0009220281499437988
ISIC_9330527,0.0007726773619651794
ISIC_9331782,0.10634863376617432
ISIC_9337015,0.007378820329904556
ISIC_9339525,0.4487844705581665
ISIC_9356306,0.0038054378237575293
ISIC_9363106,0.4182353615760803
ISIC_9368315,0.00065159413497895
ISIC_9378883,0.4313807785511017
ISIC_9380275,0.41218411922454834
ISIC_9383927,0.2735097408294678
ISIC_9384835,0.0020249157678335905
ISIC_9414654,0.13388843834400177
ISIC_9419841,0.0013238934334367514
ISIC_9426618,0.1614658534526825
ISIC_9430109,0.0003292481123935431
ISIC_9434415,0.02827838622033596
ISIC_9438011,0.41758546233177185
ISIC_9466794,0.22010886669158936
ISIC_9482423,0.5593166947364807
ISIC_9491630,3.956116870540427e-06
ISIC_9498448,0.008510086685419083
ISIC_9498714,0.30964770913124084
ISIC_9499654,0.0008310216362588108
ISIC_9501950,3.1479390599997714e-05
ISIC_9515811,0.00010177336662309244
ISIC_9516140,0.006268630735576153
ISIC_9520037,0.03964267298579216
ISIC_9524576,0.0007267104811035097
ISIC_9529462,0.4924840033054352
ISIC_9548034,0.0017919170204550028
ISIC_9552235,0.550506591796875
ISIC_9552756,0.0021267030388116837
ISIC_9554769,0.4610538184642792
ISIC_9562106,0.001478876336477697
ISIC_9568166,0.31849607825279236
ISIC_9571107,0.010735424235463142
ISIC_9572152,0.314414381980896
ISIC_9574237,1.0713343726820312e-05
ISIC_9574591,0.5638715028762817
ISIC_9578603,2.178701470256783e-05
ISIC_9579738,0.0003226520784664899
ISIC_9580380,0.02084689401090145
ISIC_9587551,0.0008479192038066685
ISIC_9590586,0.00024769557057879865
ISIC_9598453,0.028510935604572296
ISIC_9608159,0.5345633625984192
ISIC_9612228,0.5763907432556152
ISIC_9613570,0.0024882322177290916
ISIC_9615264,0.017461569979786873
ISIC_9616986,0.06596987694501877
ISIC_9622250,8.602753041486721e-06
ISIC_9626997,0.4601753354072571
ISIC_9631972,0.00010434856812935323
ISIC_9632665,0.14636412262916565
ISIC_9632917,0.11290889233350754
ISIC_9637306,0.5633885264396667
ISIC_9638088,3.693703911267221e-05
ISIC_9642655,0.0015268349088728428
ISIC_9643438,0.6562658548355103
ISIC_9644412,0.5345009565353394
ISIC_9649587,0.46286043524742126
ISIC_9654537,0.0007412327686324716
ISIC_9658370,0.001913784770295024
ISIC_9659654,0.38490432500839233
ISIC_9672719,0.0008448863518424332
ISIC_9675057,3.198536660420359e-06
ISIC_9681655,0.0005639427690766752
ISIC_9685500,0.008073667995631695
ISIC_9692404,0.007384781260043383
ISIC_9713243,9.946220961865038e-05
ISIC_9719213,0.00026574693038128316
ISIC_9727132,2.2859064756630687e-06
ISIC_9732811,0.00012705345579888672
ISIC_9738306,0.46347641944885254
ISIC_9740701,0.0003326553269289434
ISIC_9744755,0.0022929878905415535
ISIC_9748543,0.0019212377956137061
ISIC_9761523,0.0875268206000328
ISIC_9761658,0.003623523749411106
ISIC_9766574,0.008487795479595661
ISIC_9776608,0.003907567355781794
ISIC_9776771,0.29649817943573
ISIC_9780129,0.011236255057156086
ISIC_9785970,0.006809331011027098
ISIC_9788955,0.0003777155070565641
ISIC_9794738,0.014368520118296146
ISIC_9795608,0.3488909602165222
ISIC_9796128,8.906376751838252e-05
ISIC_9802008,0.06395202875137329
ISIC_9805247,0.021329281851649284
ISIC_9806022,0.0221501924097538
ISIC_9809544,0.04380344972014427
ISIC_9819223,0.2764231860637665
ISIC_9820256,0.6058772206306458
ISIC_9829153,0.0016026337398216128
ISIC_9829436,0.002977905096486211
ISIC_9837063,0.00019336376863066107
ISIC_9841563,0.048051461577415466
ISIC_9846081,0.0004987454740330577
ISIC_9863065,0.19923320412635803
ISIC_9870508,0.003681372618302703
ISIC_9870722,0.004893632140010595
ISIC_9882759,0.6145253777503967
ISIC_9889201,0.026329921558499336
ISIC_9894617,0.0005496714147739112
ISIC_9900262,0.3666612505912781
ISIC_9906218,0.022327888756990433
ISIC_9907793,0.5370849967002869
ISIC_9908982,0.5387316942214966
ISIC_9909655,0.0002251233672723174
ISIC_9909792,0.0021568224765360355
ISIC_9910480,0.00281560723669827
ISIC_9914767,0.00012075576523784548
ISIC_9915649,0.0014566212194040418
ISIC_9918333,0.003460237290710211
ISIC_9933406,0.7116947770118713
ISIC_9962329,0.021370572969317436
ISIC_9973459,0.0007627630257047713
ISIC_9977580,0.15224923193454742
ISIC_9979438,0.008388790301978588
ISIC_9980055,0.26077136397361755
ISIC_9981194,0.13355229794979095
ISIC_9992950,8.034073835005984e-05
ISIC_9999320,0.00019217381486669183
nt/ISIC_0149568,0.0069191427901387215
nt/ISIC_0188432,0.5499016046524048
nt/ISIC_0207268,0.09764155000448227
nt/ISIC_0232101,0.5392937064170837
nt/ISIC_0247330,0.4007437229156494
nt/ISIC_0250839,0.43115612864494324
nt/ISIC_0272509,0.40153372287750244
nt/ISIC_0273046,0.03167031705379486
nt/ISIC_0274382,0.18232253193855286
nt/ISIC_0275828,0.3641880750656128
nt/ISIC_0280912,0.5317339301109314
nt/ISIC_0286360,0.6311273574829102
nt/ISIC_0327406,0.5744083523750305
nt/ISIC_0333091,0.6134592890739441
nt/ISIC_0337631,0.29961010813713074
nt/ISIC_0351666,0.6375830769538879
nt/ISIC_0369831,0.8238514065742493
nt/ISIC_0489267,0.12164261937141418
nt/ISIC_0502582,0.7763382196426392
nt/ISIC_0504165,0.6540637016296387
nt/ISIC_0528044,0.7327858805656433
nt/ISIC_0533122,0.6493086218833923
nt/ISIC_0559335,0.4692026674747467
nt/ISIC_0572205,0.4816204607486725
nt/ISIC_0599605,0.33388152718544006
nt/ISIC_0624498,0.30726298689842224
nt/ISIC_0639769,0.29555949568748474
nt/ISIC_0645454,0.484470933675766
nt/ISIC_0647224,0.04919324815273285
nt/ISIC_0662000,0.5981389284133911
nt/ISIC_0744013,0.47178032994270325
nt/ISIC_0779920,0.4673157036304474
nt/ISIC_0833889,0.008381983265280724
nt/ISIC_0844312,0.2994406819343567
nt/ISIC_0862745,0.5835186243057251
nt/ISIC_0911264,0.6608088612556458
nt/ISIC_0914168,0.1364564597606659
nt/ISIC_0924427,0.6960965394973755
nt/ISIC_0946787,0.028924502432346344
nt/ISIC_0952472,0.7314020395278931
nt/ISIC_0953317,0.5310111045837402
nt/ISIC_0961235,0.47031575441360474
nt/ISIC_0981639,0.43887320160865784
nt/ISIC_0986600,0.1350903958082199
nt/ISIC_1009042,0.553375244140625
nt/ISIC_1037315,0.5501819849014282
nt/ISIC_1068686,0.5036813020706177
nt/ISIC_1071355,0.599679708480835
nt/ISIC_1110583,0.3291715979576111
nt/ISIC_1113490,0.4593719244003296
nt/ISIC_1116483,0.4214865565299988
nt/ISIC_1124434,0.3874598443508148
nt/ISIC_1132496,0.4631521999835968
nt/ISIC_1157032,0.6676828861236572
nt/ISIC_1159891,0.0007692897343076766
nt/ISIC_1162337,0.30476608872413635
nt/ISIC_1177153,0.7647767066955566
nt/ISIC_1177505,0.4531894624233246
nt/ISIC_1200192,0.09639338403940201
nt/ISIC_1210011,0.5769230723381042
nt/ISIC_1231419,0.5353694558143616
nt/ISIC_1241817,0.1105000451207161
nt/ISIC_1247683,0.6477412581443787
nt/ISIC_1255336,0.5132119655609131
nt/ISIC_1330008,0.021210480481386185
nt/ISIC_1356715,0.0014953670324757695
nt/ISIC_1369967,0.5252148509025574
nt/ISIC_1375476,0.35216277837753296
nt/ISIC_1388552,0.45258575677871704
nt/ISIC_1393771,0.14537057280540466
nt/ISIC_1412843,0.2527731955051422
nt/ISIC_1440985,0.27483028173446655
nt/ISIC_1460932,0.06916157156229019
nt/ISIC_1473522,0.14653916656970978
nt/ISIC_1474461,0.31604233384132385
nt/ISIC_1484659,0.2921854853630066
nt/ISIC_1566428,0.6106921434402466
nt/ISIC_1569119,0.032791618257761
nt/ISIC_1589997,0.7401255369186401
nt/ISIC_1605629,0.4655008912086487
nt/ISIC_1616031,0.5625239610671997
nt/ISIC_1620401,0.49196264147758484
nt/ISIC_1630301,0.6567685604095459
nt/ISIC_1654342,0.5850706100463867
nt/ISIC_1684127,0.5729619860649109
nt/ISIC_1698942,0.7598168849945068
nt/ISIC_1706912,0.27936282753944397
nt/ISIC_1728564,0.7067623734474182
nt/ISIC_1729223,0.5875501036643982
nt/ISIC_1752943,0.5836057662963867
nt/ISIC_1785627,0.5955158472061157
nt/ISIC_1797795,0.0088832788169384
nt/ISIC_1834920,0.16438649594783783
nt/ISIC_1866770,0.3555406332015991
nt/ISIC_1870415,0.260253369808197
nt/ISIC_1881133,0.2625511586666107
nt/ISIC_1948545,0.3886725902557373
nt/ISIC_1952749,0.5787313580513
nt/ISIC_1956504,0.5309044122695923
nt/ISIC_1959939,0.36991724371910095
nt/ISIC_1968421,0.0956406444311142
nt/ISIC_1975042,0.15652628242969513
nt/ISIC_2027582,0.31130772829055786
nt/ISIC_2033237,0.4417561888694763
nt/ISIC_2071966,0.7726763486862183
nt/ISIC_2072219,0.4820720851421356
nt/ISIC_2077116,0.4477943778038025
nt/ISIC_2101624,0.6193577647209167
nt/ISIC_2105563,0.29415708780288696
nt/ISIC_2141237,0.5138436555862427
nt/ISIC_2153401,0.3362438380718231
nt/ISIC_2153686,0.6495088338851929
nt/ISIC_2176112,0.050641514360904694
nt/ISIC_2182856,0.750337541103363
nt/ISIC_2200197,0.5380968451499939
nt/ISIC_2212473,0.18638856709003448
nt/ISIC_2221217,0.4827154576778412
nt/ISIC_2232442,0.49319154024124146
nt/ISIC_2255411,0.40294280648231506
nt/ISIC_2268341,0.5746968388557434
nt/ISIC_2272218,0.3684762716293335
nt/ISIC_2306349,0.44661498069763184
nt/ISIC_2309744,0.02040276676416397
nt/ISIC_2311665,0.8644508123397827
nt/ISIC_2320481,0.04385650157928467
nt/ISIC_2337907,0.6736772656440735
nt/ISIC_2341875,0.24714380502700806
nt/ISIC_2342769,0.15398414433002472
nt/ISIC_2351999,0.3759870231151581
nt/ISIC_2358454,0.052242279052734375
nt/ISIC_2364150,0.44857338070869446
nt/ISIC_2406492,0.3330468535423279
nt/ISIC_2408815,0.2979150116443634
nt/ISIC_2412113,0.5165454149246216
nt/ISIC_2437633,0.511519193649292
nt/ISIC_2447578,0.674652636051178
nt/ISIC_2448123,0.330216646194458
nt/ISIC_2481044,0.058582134544849396
nt/ISIC_2525084,0.5704928040504456
nt/ISIC_2535541,0.5123255252838135
nt/ISIC_2565206,0.5168617963790894
nt/ISIC_2607827,0.0025088798720389605
nt/ISIC_2609984,0.5414797067642212
nt/ISIC_2637608,0.6129928231239319
nt/ISIC_2646829,0.8425567746162415
nt/ISIC_2668481,0.619071364402771
nt/ISIC_2685593,0.6603966355323792
nt/ISIC_2697083,0.5239818692207336
nt/ISIC_2700320,0.027277013286948204
nt/ISIC_2720971,0.023259468376636505
nt/ISIC_2724529,0.42895078659057617
nt/ISIC_2739449,0.26043465733528137
nt/ISIC_2750230,0.3494226932525635
nt/ISIC_2757355,0.6964227557182312
nt/ISIC_2776906,0.4758939743041992
nt/ISIC_2787702,0.09378651529550552
nt/ISIC_2797353,0.6456654071807861
nt/ISIC_2822718,0.5097239017486572
nt/ISIC_2823287,0.6417732834815979
nt/ISIC_2837581,0.34115469455718994
nt/ISIC_2844539,0.3522949516773224
nt/ISIC_2871230,0.4034006893634796
nt/ISIC_2895555,0.003743145614862442
nt/ISIC_2937642,0.4229840338230133
nt/ISIC_2957732,0.6263647079467773
nt/ISIC_2967024,0.354923278093338
nt/ISIC_2974214,0.5233888626098633
nt/ISIC_2975580,0.671187698841095
nt/ISIC_2979268,0.011062380857765675
nt/ISIC_2987613,0.44481560587882996
nt/ISIC_3002956,0.18160198628902435
nt/ISIC_3009877,0.4842737019062042
nt/ISIC_3023646,0.21746818721294403
nt/ISIC_3025889,0.6691092252731323
nt/ISIC_3028754,0.4993992745876312
nt/ISIC_3065032,0.5486091375350952
nt/ISIC_3068885,0.8473085761070251
nt/ISIC_3084312,0.01691189408302307
nt/ISIC_3093026,0.14930109679698944
nt/ISIC_3097354,0.46741151809692383
nt/ISIC_3144222,0.008179998956620693
nt/ISIC_3159924,0.37368500232696533
nt/ISIC_3203344,0.6471484899520874
nt/ISIC_3207651,0.5029924511909485
nt/ISIC_3241636,0.7203373312950134
nt/ISIC_3244067,0.6192820072174072
nt/ISIC_3253484,0.6817741394042969
nt/ISIC_3286186,0.6759171485900879
nt/ISIC_3301933,0.07343365252017975
nt/ISIC_3319229,0.4747949540615082
nt/ISIC_3338629,0.5164052248001099
nt/ISIC_3341710,0.703403115272522
nt/ISIC_3343475,0.29932984709739685
nt/ISIC_3359880,0.6179423332214355
nt/ISIC_3372750,0.39754757285118103
nt/ISIC_3391427,0.5826256275177002
nt/ISIC_3394520,0.44444823265075684
nt/ISIC_3399306,0.39752018451690674
nt/ISIC_3408231,0.28810396790504456
nt/ISIC_3416107,0.41143789887428284
nt/ISIC_3435596,0.5043442845344543
nt/ISIC_3436033,0.5918816924095154
nt/ISIC_3440759,0.5739668607711792
nt/ISIC_3446357,0.2750263214111328
nt/ISIC_3464344,0.3654259443283081
nt/ISIC_3475660,0.7242783308029175
nt/ISIC_3517311,0.6596659421920776
nt/ISIC_3561065,0.45812705159187317
nt/ISIC_3590167,0.3666684031486511
nt/ISIC_3673080,0.0414477214217186
nt/ISIC_3684488,0.3763226568698883
nt/ISIC_3696488,0.7052355408668518
nt/ISIC_3697702,0.7130597233772278
nt/ISIC_3733653,0.5990190505981445
nt/ISIC_3738751,0.8085784912109375
nt/ISIC_3775417,0.48486965894699097
nt/ISIC_3778192,0.0044012051075696945
nt/ISIC_3817719,0.6836591958999634
nt/ISIC_3821242,0.7583953738212585
nt/ISIC_3824206,0.5453143119812012
nt/ISIC_3909039,0.03287235274910927
nt/ISIC_3915890,0.7551236152648926
nt/ISIC_3936223,0.1130390390753746
nt/ISIC_3941123,0.3479670584201813
nt/ISIC_3944634,0.25091150403022766
nt/ISIC_3963183,0.5114853382110596
nt/ISIC_3965087,0.16189619898796082
nt/ISIC_3969411,0.2940669059753418
nt/ISIC_3976496,0.6735513806343079
nt/ISIC_3979826,0.3912331759929657
nt/ISIC_3985031,0.6248064637184143
nt/ISIC_3993924,0.43558794260025024
nt/ISIC_3996796,0.5357145667076111
nt/ISIC_4000481,0.5235161185264587
nt/ISIC_4009870,0.6000569462776184
nt/ISIC_4012047,0.6106774210929871
nt/ISIC_4120174,0.5012580156326294
nt/ISIC_4163686,0.29316413402557373
nt/ISIC_4170698,0.06770484149456024
nt/ISIC_4223155,0.15523122251033783
nt/ISIC_4229473,0.5139489769935608
nt/ISIC_4230049,0.7571275234222412
nt/ISIC_4266533,0.42382150888442993
nt/ISIC_4276255,0.5156124234199524
nt/ISIC_4346693,0.03452388197183609
nt/ISIC_4362713,0.6713114380836487
nt/ISIC_4377208,0.4889703094959259
nt/ISIC_4378189,0.5137816071510315
nt/ISIC_4398011,0.3986437916755676
nt/ISIC_4404772,0.4585328996181488
nt/ISIC_4408559,0.32105153799057007
nt/ISIC_4425322,0.512385904788971
nt/ISIC_4425657,0.523640513420105
nt/ISIC_4439054,0.852504551410675
nt/ISIC_4469476,0.023759014904499054
nt/ISIC_4493482,0.08967214822769165
nt/ISIC_4508878,0.6431230902671814
nt/ISIC_4517738,0.5463782548904419
nt/ISIC_4523238,0.21256889402866364
nt/ISIC_4523382,0.674281895160675
nt/ISIC_4525317,0.3680360019207001
nt/ISIC_4584265,0.46763113141059875
nt/ISIC_4619789,0.3332660496234894
nt/ISIC_4619903,0.4413507878780365
nt/ISIC_4649440,0.4273885190486908
nt/ISIC_4653503,0.29904595017433167
nt/ISIC_4676270,0.5909141898155212
nt/ISIC_4730066,0.36963486671447754
nt/ISIC_4810142,0.7214146256446838
nt/ISIC_4842587,0.44997066259384155
nt/ISIC_4851366,0.14788901805877686
nt/ISIC_4874581,0.500007152557373
nt/ISIC_4916704,0.3731265366077423
nt/ISIC_4936662,0.25343477725982666
nt/ISIC_4938994,0.44638773798942566
nt/ISIC_4960784,0.5906965136528015
nt/ISIC_4960802,0.14556477963924408
nt/ISIC_4967564,0.3634696900844574
nt/ISIC_4967586,0.33952319622039795
nt/ISIC_4980656,0.7246935963630676
nt/ISIC_5021861,0.4353206157684326
nt/ISIC_5037784,0.5301152467727661
nt/ISIC_5044438,0.6276141405105591
nt/ISIC_5045600,0.021242009475827217
nt/ISIC_5046082,0.24774949252605438
nt/ISIC_5084113,0.33322131633758545
nt/ISIC_5086349,0.40765148401260376
nt/ISIC_5137933,0.5472812056541443
nt/ISIC_5140952,0.38928961753845215
nt/ISIC_5147292,0.1679953783750534
nt/ISIC_5166798,0.65877366065979
nt/ISIC_5167209,0.088594451546669
nt/ISIC_5191344,0.49515408277511597
nt/ISIC_5216586,0.6243627071380615
nt/ISIC_5247508,0.7163050770759583
nt/ISIC_5247560,0.5898604989051819
nt/ISIC_5258657,0.47877150774002075
nt/ISIC_5260050,0.1352618932723999
nt/ISIC_5267208,0.7594632506370544
nt/ISIC_5272223,0.567669689655304
nt/ISIC_5315062,0.5350596308708191
nt/ISIC_5331102,0.1609743982553482
nt/ISIC_5343231,0.42917588353157043
nt/ISIC_5365617,0.1952715516090393
nt/ISIC_5369000,0.41468095779418945
nt/ISIC_5388184,0.4932011365890503
nt/ISIC_5391758,0.30707335472106934
nt/ISIC_5415761,0.428537517786026
nt/ISIC_5425721,0.6525752544403076
nt/ISIC_5434661,0.5274298787117004
nt/ISIC_5495413,0.5690250396728516
nt/ISIC_5527224,0.44441112875938416
nt/ISIC_5533992,0.8792703151702881
nt/ISIC_5561003,0.6344700455665588
nt/ISIC_5576354,0.26338326930999756
nt/ISIC_5581297,0.6800157427787781
nt/ISIC_5581931,0.750176191329956
nt/ISIC_5602826,0.5964186191558838
nt/ISIC_5642824,0.7713515758514404
nt/ISIC_5667461,0.28064030408859253
nt/ISIC_5673518,0.0124650988727808
nt/ISIC_5714411,0.4446009695529938
nt/ISIC_5732201,0.5105219483375549
nt/ISIC_5733748,0.003981784451752901
nt/ISIC_5747486,0.3661656081676483
nt/ISIC_5747942,0.3604286313056946
nt/ISIC_5758388,0.7483237385749817
nt/ISIC_5797062,0.42485418915748596
nt/ISIC_5829938,0.7474663257598877
nt/ISIC_5867911,0.8874234557151794
nt/ISIC_5868291,0.36319732666015625
nt/ISIC_5869480,0.7372768521308899
nt/ISIC_5891384,0.35082387924194336
nt/ISIC_5922588,0.5888651609420776
nt/ISIC_5983500,0.40306636691093445
nt/ISIC_6017985,0.2753002345561981
nt/ISIC_6024335,0.5610144138336182
nt/ISIC_6056121,0.5430327653884888
nt/ISIC_6089318,0.5977434515953064
nt/ISIC_6110888,0.10918305814266205
nt/ISIC_6124481,0.1609008014202118
nt/ISIC_6125652,0.15384024381637573
nt/ISIC_6220625,0.7515504956245422
nt/ISIC_6228963,0.6102244853973389
nt/ISIC_6248008,0.5454726815223694
nt/ISIC_6251753,0.10727313905954361
nt/ISIC_6255113,0.3802947402000427
nt/ISIC_6269166,0.43501579761505127
nt/ISIC_6278273,0.7471268177032471
nt/ISIC_6285925,0.06998682767152786
nt/ISIC_6303107,0.31427863240242004
nt/ISIC_6313487,0.6215181350708008
nt/ISIC_6348638,0.545997142791748
nt/ISIC_6352565,0.003852595342323184
nt/ISIC_6355353,0.48245373368263245
nt/ISIC_6392461,0.552759051322937
nt/ISIC_6398283,0.6008926630020142
nt/ISIC_6398669,0.49233293533325195
nt/ISIC_6404049,0.6032012104988098
nt/ISIC_6450034,0.15177449584007263
nt/ISIC_6496251,0.3679920732975006
nt/ISIC_6496370,0.6107034087181091
nt/ISIC_6509682,0.021495411172509193
nt/ISIC_6512653,0.09931991994380951
nt/ISIC_6516710,0.006751001812517643
nt/ISIC_6526489,0.008144838735461235
nt/ISIC_6535558,0.7685041427612305
nt/ISIC_6539127,0.0015596835874021053
nt/ISIC_6541615,0.17123527824878693
nt/ISIC_6555290,0.41285109519958496
nt/ISIC_6561111,0.6249595284461975
nt/ISIC_6581411,0.42846739292144775
nt/ISIC_6584579,0.003852595342323184
nt/ISIC_6613150,0.7695353031158447
nt/ISIC_6620377,0.5201140642166138
nt/ISIC_6625102,0.27820876240730286
nt/ISIC_6634951,0.5456161499023438
nt/ISIC_6671773,0.4242730140686035
nt/ISIC_6688417,0.24711020290851593
nt/ISIC_6692344,0.1513553261756897
nt/ISIC_6695831,0.5295799970626831
nt/ISIC_6713432,0.04595522955060005
nt/ISIC_6714082,0.2989206910133362
nt/ISIC_6767569,0.47174540162086487
nt/ISIC_6784593,0.4766331613063812
nt/ISIC_6785680,0.20820975303649902
nt/ISIC_6786198,0.6896385550498962
nt/ISIC_6809586,0.07217960059642792
nt/ISIC_6829008,0.16350799798965454
nt/ISIC_6841294,0.7850169539451599
nt/ISIC_6851408,0.4230007231235504
nt/ISIC_6904082,0.5819935202598572
nt/ISIC_6927840,0.5456685423851013
nt/ISIC_6931277,0.007507294416427612
nt/ISIC_6945634,0.5597935318946838
nt/ISIC_6961503,0.49405696988105774
nt/ISIC_6966001,0.010146375745534897
nt/ISIC_6971606,0.37033146619796753
nt/ISIC_6982386,0.457938015460968
nt/ISIC_7035246,0.805827796459198
nt/ISIC_7070020,0.08611377328634262
nt/ISIC_7074321,0.5714914202690125
nt/ISIC_7075474,0.091094471514225
nt/ISIC_7079349,0.4888743460178375
nt/ISIC_7084553,0.16284574568271637
nt/ISIC_7098141,0.16245490312576294
nt/ISIC_7100755,0.5774134397506714
nt/ISIC_7101732,0.74305659532547
nt/ISIC_7130929,0.6536995768547058
nt/ISIC_7181296,0.35912859439849854
nt/ISIC_7183212,0.01479681022465229
nt/ISIC_7190243,0.6848718523979187
nt/ISIC_7205745,0.33714041113853455
nt/ISIC_7218890,0.3854084610939026
nt/ISIC_7233368,0.45683643221855164
nt/ISIC_7242384,0.10672732442617416
nt/ISIC_7253401,0.5468398928642273
nt/ISIC_7261174,0.5302558541297913
nt/ISIC_7265673,0.5320873260498047
nt/ISIC_7287303,0.7574288845062256
nt/ISIC_7293518,0.4516168236732483
nt/ISIC_7295035,0.4360177516937256
nt/ISIC_7312977,0.48690199851989746
nt/ISIC_7320371,0.3017551600933075
nt/ISIC_7327423,0.6923987865447998
nt/ISIC_7346228,0.33388572931289673
nt/ISIC_7346739,0.4753572344779968
nt/ISIC_7349772,0.5347873568534851
nt/ISIC_7371801,0.12710733711719513
nt/ISIC_7372719,0.692808210849762
nt/ISIC_7410175,0.6628007292747498
nt/ISIC_7460887,0.5836496353149414
nt/ISIC_7466678,0.7653772830963135
nt/ISIC_7489564,0.8013601899147034
nt/ISIC_7503950,0.03308789059519768
nt/ISIC_7520843,0.19642998278141022
nt/ISIC_7536704,0.041281528770923615
nt/ISIC_7546219,0.8002626895904541
nt/ISIC_7577395,0.34487712383270264
nt/ISIC_7612992,0.2440851330757141
nt/ISIC_7614221,0.022937113419175148
nt/ISIC_7626256,0.528052568435669
nt/ISIC_7658729,0.33535411953926086
nt/ISIC_7662910,0.35751375555992126
nt/ISIC_7680948,0.3630150854587555
nt/ISIC_7693611,0.5490762591362
nt/ISIC_7724762,0.5135965347290039
nt/ISIC_7730937,0.32582056522369385
nt/ISIC_7748311,0.21192403137683868
nt/ISIC_7763042,0.020292194560170174
nt/ISIC_7785723,0.6425643563270569
nt/ISIC_7788318,0.6316885352134705
nt/ISIC_7800750,0.4881242513656616
nt/ISIC_7844825,0.48980268836021423
nt/ISIC_7872595,0.46783560514450073
nt/ISIC_7897925,0.6087220907211304
nt/ISIC_7914631,0.5632643699645996
nt/ISIC_7927525,0.38847261667251587
nt/ISIC_7936755,0.1617559790611267
nt/ISIC_7939816,0.629514217376709
nt/ISIC_7948290,0.41471025347709656
nt/ISIC_7960321,0.5711860656738281
nt/ISIC_7960869,0.30799347162246704
nt/ISIC_7961365,0.2658749520778656
nt/ISIC_7973598,0.5838693976402283
nt/ISIC_8002875,0.7193062901496887
nt/ISIC_8006211,0.6706923842430115
nt/ISIC_8009536,0.5343007445335388
nt/ISIC_8011058,0.26700785756111145
nt/ISIC_8027899,0.5806673169136047
nt/ISIC_8040024,0.49808093905448914
nt/ISIC_8052769,0.015390263870358467
nt/ISIC_8066110,0.40663963556289673
nt/ISIC_8068693,0.7205360531806946
nt/ISIC_8106899,0.5053720474243164
nt/ISIC_8124900,0.5426262021064758
nt/ISIC_8133350,0.3214319944381714
nt/ISIC_8145348,0.768978476524353
nt/ISIC_8157654,0.6679112315177917
nt/ISIC_8167374,0.5350859761238098
nt/ISIC_8175453,0.7065664529800415
nt/ISIC_8194835,0.5323435664176941
nt/ISIC_8207974,0.40580201148986816
nt/ISIC_8230318,0.7554653286933899
nt/ISIC_8231999,0.6963849067687988
nt/ISIC_8249854,0.5701248049736023
nt/ISIC_8252406,0.5502392649650574
nt/ISIC_8263489,0.7249755859375
nt/ISIC_8281208,0.5498277544975281
nt/ISIC_8306697,0.5178323984146118
nt/ISIC_8325226,0.6425229907035828
nt/ISIC_8355446,0.05877998098731041
nt/ISIC_8379956,0.6358813643455505
nt/ISIC_8381531,0.4750630855560303
nt/ISIC_8397285,0.6251806020736694
nt/ISIC_8414609,0.7324144840240479
nt/ISIC_8417873,0.6136986017227173
nt/ISIC_8437493,0.7110388875007629
nt/ISIC_8450656,0.5291450023651123
nt/ISIC_8483382,0.2132164090871811
nt/ISIC_8485716,0.5844101309776306
nt/ISIC_8493108,0.5873581767082214
nt/ISIC_8496052,0.11214710772037506
nt/ISIC_8497457,0.5403978228569031
nt/ISIC_8509577,0.1769949048757553
nt/ISIC_8521610,0.36286142468452454
nt/ISIC_8527092,0.32733282446861267
nt/ISIC_8545949,0.7799980640411377
nt/ISIC_8564474,0.04905703663825989
nt/ISIC_8566006,0.6684592962265015
nt/ISIC_8609756,0.610171914100647
nt/ISIC_8615491,0.4278048574924469
nt/ISIC_8617277,0.6897055506706238
nt/ISIC_8621568,0.009481260553002357
nt/ISIC_8672524,0.6221471428871155
nt/ISIC_8677053,0.31446653604507446
nt/ISIC_8692218,0.6255052089691162
nt/ISIC_8702237,0.023556947708129883
nt/ISIC_8724944,0.6845314502716064
nt/ISIC_8732757,0.5743773579597473
nt/ISIC_8737794,0.5938321352005005
nt/ISIC_8789051,0.5316069722175598
nt/ISIC_8838753,0.33730530738830566
nt/ISIC_8859274,0.46324846148490906
nt/ISIC_8866651,0.14722588658332825
nt/ISIC_8872158,0.5489957332611084
nt/ISIC_8882374,0.47456619143486023
nt/ISIC_8892236,0.6243999004364014
nt/ISIC_8922893,0.1185368150472641
nt/ISIC_8951909,0.3968055248260498
nt/ISIC_8985109,0.532759428024292
nt/ISIC_9000234,0.24217741191387177
nt/ISIC_9000824,0.2916000187397003
nt/ISIC_9001948,0.3138193190097809
nt/ISIC_9012513,0.13164962828159332
nt/ISIC_9022005,0.0069191427901387215
nt/ISIC_9038318,0.8141433000564575
nt/ISIC_9048507,0.2090911567211151
nt/ISIC_9052500,0.7523853182792664
nt/ISIC_9053910,0.5994840264320374
nt/ISIC_9124447,0.4854445159435272
nt/ISIC_9130157,0.38727372884750366
nt/ISIC_9164054,0.5469481945037842
nt/ISIC_9174306,0.3873206377029419
nt/ISIC_9193127,0.03669416531920433
nt/ISIC_9199429,0.8676947355270386
nt/ISIC_9210255,0.5832642316818237
nt/ISIC_9228573,0.28157246112823486
nt/ISIC_9268487,0.46742764115333557
nt/ISIC_9286292,0.6924110054969788
nt/ISIC_9312164,0.46236276626586914
nt/ISIC_9317483,0.24123482406139374
nt/ISIC_9351516,0.5764173269271851
nt/ISIC_9367522,0.8016215562820435
nt/ISIC_9402324,0.05114751681685448
nt/ISIC_9509757,0.1765584647655487
nt/ISIC_9544832,0.4955490529537201
nt/ISIC_9547725,0.6170656681060791
nt/ISIC_9548821,0.6689737439155579
nt/ISIC_9556334,0.49878406524658203
nt/ISIC_9571842,0.6408228874206543
nt/ISIC_9579703,0.010677923448383808
nt/ISIC_9583969,0.5765747427940369
nt/ISIC_9585329,0.4773709177970886
nt/ISIC_9593940,0.5027144551277161
nt/ISIC_9596721,0.6900094747543335
nt/ISIC_9612481,0.39686116576194763
nt/ISIC_9626843,0.4498714804649353
nt/ISIC_9677503,0.0415693074464798
nt/ISIC_9685931,0.329203724861145
nt/ISIC_9754098,0.45819541811943054
nt/ISIC_9770677,0.36434417963027954
nt/ISIC_9785077,0.0052116988226771355
nt/ISIC_9821002,0.5115439891815186
nt/ISIC_9828846,0.29835352301597595
nt/ISIC_9863642,0.6222951412200928
nt/ISIC_9870885,0.05346577987074852
nt/ISIC_9900191,0.5612087249755859
nt/ISIC_9910791,0.31334570050239563
nt/ISIC_9955163,0.2651031017303467
nt/ISIC_9963177,0.029019610956311226
nt/ISIC_9967383,0.0025088798720389605
nt/ISIC_9978107,0.0340646356344223
nt/ISIC_9998682,0.5261598229408264
